t,h
101773.648968,0.161563714
101773.682302,0.160177302
101773.715637,0.159324943
101773.748971,0.159701206
101773.782305,0.158972073
101773.815639,0.158231335
101773.848974,0.158487815
101773.882308,0.159136089
101773.948976,0.159310836
101773.982311,0.1602086
101774.015645,0.160591184
101774.048979,0.161089139
101774.082313,0.161088726
101774.148982,0.159595808
101774.182316,0.158847058
101774.215650,0.158221974
101774.248985,0.157969496
101774.282319,0.156712269
101774.315653,0.155822234
101774.348988,0.155031715
101774.382322,0.153527055
101774.448990,0.152145959
101774.515659,0.151369091
101774.548993,0.150954072
101774.582327,0.148948987
101774.615662,0.148816049
101774.682330,0.148869574
101774.715664,0.148251986
101774.748999,0.148126507
101774.782333,0.148250958
101774.815667,0.148137871
101774.849001,0.148272975
101774.882336,0.148396027
101774.915670,0.148286659
101774.949004,0.148311446
101774.982338,0.148457377
101775.049007,0.149826752
101775.082341,0.148976094
