t,vx_cam,vy_cam,quality,h
103390.134479,0.00205164842,-0.00375806701,370.377863,0.152723689
103390.138647,0.00127256755,-0.00243497736,369.023803,0.152728671
103390.142815,0.000502477222,-0.00154585764,376.725991,0.152735957
103390.146984,0.00161901561,-0.00326126787,679.944535,0.152745126
103390.151152,0.00156383595,-0.0030168172,680.468435,0.152755236
103390.155321,0.00190567315,-0.00425167275,541.442262,0.152760274
103390.159489,0.00218537622,-0.0037009932,547.703277,0.152763729
103390.163657,0.00148907615,-0.00471444544,521.797993,0.15276703
103390.167826,0.00163846421,-0.00451368879,526.963149,0.152764922
103390.171994,0.0021796169,-0.004427474,530.312832,0.152759107
103390.176163,0.00131106137,-0.00407502519,655.724529,0.152746565
103390.180331,0.00178949665,-0.00412682748,637.733635,0.152730215
103390.184500,0.00173509214,-0.00338921847,895.724883,0.152716739
103390.188668,0.00160425147,-0.00272209536,889.258418,0.152703148
103390.192836,0.00135614457,-0.00268475064,916.981076,0.152702071
103390.197005,0.00119277289,-0.00158759412,1209.97942,0.152696187
103390.201173,0.000905366318,-0.00107768582,1208.6363,0.152692197
103390.205342,0.00199635321,0.000507227541,956.543587,0.152689333
103390.209510,0.00181058873,0.000873456424,957.004666,0.152682917
103390.213678,0.00184483372,0.00155616186,1026.31786,0.152678175
103390.217847,0.00181733178,0.00248197935,890.46743,0.152669585
103390.222015,0.00225952907,0.00452556881,734.819065,0.152689871
103390.226184,0.00262605433,0.00771298571,762.689118,0.152734556
103390.230352,0.00287347167,0.0117821161,638.449017,0.152753755
103390.234520,0.00262960791,0.0108554873,635.584132,0.152742412
103390.238689,0.0026221413,0.0115608258,622.665574,0.15272168
103390.242857,0.00237293964,0.0132579982,599.04826,0.152717463
103390.247026,0.00547820949,0.0169464687,510.310575,0.152695241
103390.251194,-0.0038661008,0.00726734021,567.324641,0.152702303
103390.255363,0.0171009439,0.0316347679,335.733212,0.152607072
103390.259531,-0.0129608832,0.000536826499,385.055885,0.15259507
103390.263699,0.0117494483,0.0219986736,354.986743,0.15268461
103390.267868,-0.00247485801,0.0175458895,264.764226,0.152681926
103390.272036,-0.00227293649,0.00476640663,276.083755,0.152645222
103390.276205,0.00870486679,0.0260042808,447.265307,0.152632113
103390.280373,-0.00198405834,0.019291814,441.852002,0.152630282
103390.284541,0.0017840664,0.0112575869,530.335587,0.152607355
103390.288710,0.00196100031,0.0216819301,422.121283,0.15260231
103390.292878,-0.000264627002,0.0131126261,487.070123,0.152600354
103390.297047,0.00205658756,0.0161813401,593.497346,0.152588753
103390.301215,0.000971356406,0.0204157001,527.548922,0.152601761
103390.305383,0.00172589073,0.0154221891,543.427531,0.152603233
103390.309552,0.000504085261,0.0179490756,533.11331,0.152609701
103390.313720,-0.00160110958,0.0189686524,519.115472,0.152607849
103390.317889,0.000463664938,0.0143032093,346.979711,0.152622042
103390.322057,-0.00120085945,0.0165016794,361.209531,0.152645091
103390.326226,0.00108798536,0.0135881044,249.032977,0.152655208
103390.330394,0.00130138116,0.0114871982,251.971695,0.152659119
103390.334562,0.00061580201,0.0129505277,269.79667,0.152662595
103390.338731,0.000793026897,0.0113149722,268.852931,0.152665117
103390.342899,0.000970621525,0.0107198585,269.799479,0.152677281
103390.347068,-4.83389625e-05,0.0126981323,290.050652,0.152684072
103390.351236,-0.000764639078,0.0106949158,291.948245,0.15271104
103390.355404,-0.000637246252,0.00964881006,253.932097,0.152718302
103390.359573,-0.00087669675,0.00965686884,255.291125,0.152738539
103390.363741,-0.00145099737,0.00826287684,254.364935,0.152750122
103390.367910,-0.000323918179,0.00647590226,229.998158,0.152752625
103390.372078,0.000415662368,0.00545644849,230.210944,0.152768216
103390.376246,0.000332059621,0.00489269673,274.21636,0.152770911
103390.380415,0.00100629422,0.00391027671,272.65724,0.152772319
103390.384583,-0.000461490486,0.0045928552,468.438965,0.152778255
103390.388752,0.000560095181,0.00372685476,516.303022,0.152776461
103390.392920,0.000296993287,0.00244114506,529.718841,0.152778221
103390.397089,-0.000497766808,0.00334518118,822.126038,0.152781209
103390.401257,-0.000680475647,0.00259933133,884.269028,0.152784919
103390.405425,-0.000494258326,0.00220026755,860.592723,0.152790321
103390.409594,-0.00111964376,0.00255811855,789.736445,0.152803088
103390.413762,-0.00141196314,0.0015376406,752.633241,0.152823848
103390.417930,-0.000679098684,0.00116575956,548.320168,0.152832488
103390.422099,-0.00100446578,0.000960265015,538.682261,0.152839876
103390.426267,-0.000916742996,-0.000290041378,543.409684,0.152851993
103390.430436,-0.000508778822,-0.000336697654,535.980671,0.152867034
103390.434604,-0.00110168163,-0.00126764221,802.742456,0.152874862
103390.438773,-0.0010061354,-0.00204872388,786.508169,0.15288237
103390.442941,-0.00131543968,-0.00282548599,790.618146,0.152885526
103390.447109,-0.0020934072,-0.00376624846,914.929881,0.152879886
103390.451278,-0.00326838369,-0.00531195777,824.914075,0.152871854
103390.455446,-0.00304813852,-0.00575092066,631.867413,0.152883324
103390.459615,-0.0031217267,-0.00608275477,705.382706,0.152885061
103390.463783,-0.00252918405,-0.00544550546,693.749961,0.152886874
103390.467951,-0.00316956487,-0.0047887096,581.298788,0.152886935
103390.472120,-0.00215017569,-0.00475950289,574.463598,0.152884081
103390.476288,-0.0031551086,-0.00508394413,664.196081,0.152879118
103390.480457,-0.00372043125,-0.00484996028,746.183337,0.152878029
103390.484625,-0.00376992209,-0.00622771066,705.781283,0.152876537
103390.488794,-0.00362561423,-0.00562500179,723.086584,0.152873923
103390.492962,-0.00430989496,-0.00510417551,730.531551,0.152880112
103390.497130,-0.00402473455,-0.00525682066,657.610048,0.152876485
103390.501299,-0.00341931779,-0.0041876994,662.539324,0.152874686
103390.505467,-0.00397699171,-0.00522781825,534.574443,0.152878246
103390.509636,-0.00373959583,-0.00499107613,544.736625,0.152868207
103390.513804,-0.00346362068,-0.00431248444,540.840323,0.152857608
103390.517972,-0.00407880595,-0.00520187276,437.733724,0.152851656
103390.522141,-0.00374777578,-0.00463770219,441.168047,0.152840824
103390.526309,-0.00433539468,-0.00495326285,425.944154,0.152830266
103390.530478,-0.00477271123,-0.00486364073,425.262279,0.152824059
103390.534646,-0.00494269283,-0.00459062488,481.471703,0.152823783
103390.538814,-0.00493622447,-0.00494487129,483.80892,0.152815191
103390.542983,-0.00476161061,-0.00520608442,482.208704,0.152812539
103390.547151,-0.00459940191,-0.00471784329,639.909589,0.152814208
103390.551320,-0.00433893954,-0.00478359427,639.91413,0.152820507
103390.555488,-0.00400258328,-0.00394936977,990.119092,0.1528157
103390.559657,-0.00485097288,-0.00439908084,941.454196,0.152821571
103390.563825,-0.00538509631,-0.00510222856,824.291562,0.152824421
103390.567993,-0.00565957969,-0.0044117578,784.811117,0.152825197
103390.572162,-0.00580291098,-0.00372167652,770.827909,0.152833
103390.576330,-0.0041498544,-0.00278738621,411.537551,0.152841066
103390.580499,-0.00473673649,-0.00245449708,417.284202,0.15285156
103390.584667,-0.00501336888,-0.00192502212,413.6147,0.152864997
103390.588835,-0.00310702199,-0.00190600627,308.932172,0.152871365
103390.593004,-0.00273637722,-0.000975180385,311.694715,0.152879687
103390.597172,-0.00229508919,-0.000313055704,329.61065,0.152896426
103390.601341,-0.00249075717,-0.000254950795,328.095777,0.152903071
103390.605509,-0.00310773871,0.000377745883,410.708875,0.152906763
103390.609677,-0.00186744777,0.000156230204,416.571813,0.152914136
103390.613846,-0.00124970226,1.10176471e-05,423.49532,0.152926856
103390.618014,-0.00230402623,0.000982947113,617.629732,0.152929409
103390.622183,-0.0013309357,0.0010045163,633.089571,0.152946821
103390.626351,-0.00234394461,0.00196595625,749.116566,0.152952765
103390.630520,-0.00187677051,0.00219298357,766.531035,0.152947994
103390.634688,-0.00173789253,0.00274711774,761.799272,0.152945813
103390.638856,-0.00280813229,0.00245047541,1047.78526,0.152942312
103390.643025,-0.00385967076,0.00363430434,911.393153,0.152950498
103390.647193,-0.00470549273,0.00437619523,800.517876,0.15294906
103390.651362,-0.00527992246,0.0054297415,722.442131,0.152939152
103390.655530,-0.00318034045,0.00392824077,379.294681,0.152929928
103390.659698,-0.00276330622,0.00497815197,371.607438,0.152930112
103390.663867,-0.00156993866,0.00422923827,372.722279,0.152932217
103390.668035,-0.00159941819,0.00464558977,332.278714,0.15293198
103390.672204,-7.34350659e-05,0.00473705529,339.2445,0.15292429
103390.676372,-0.00177465646,0.00600307891,398.03206,0.152918941
103390.680540,-0.000796617438,0.00730424793,389.706062,0.152913715
103390.684709,-0.000184419481,0.0077365573,381.269676,0.152907227
103390.688877,-0.000856792668,0.00838937311,323.343243,0.152898762
103390.693046,0.000266472453,0.00878751039,315.134911,0.152892464
103390.697214,-0.000662707914,0.00858813746,258.512272,0.152877552
103390.701382,0.000588667273,0.00926937745,258.134136,0.15285513
103390.705551,-0.000335817327,0.008474243,217.62027,0.15283991
103390.709719,0.000236103613,0.00711269455,215.783497,0.152800314
103390.713888,0.00178468797,0.0091802077,217.643333,0.152786527
103390.718056,-1.36153147e-05,0.006960399,213.712962,0.152752233
103390.722225,0.000598778838,0.00531184708,218.49969,0.152723668
103390.726393,0.00105931115,0.00692120876,278.697857,0.152705075
103390.730561,0.000383726224,0.00465998206,278.862842,0.152688069
103390.734730,-0.000177628206,0.00348801496,282.946209,0.152672052
103390.738898,0.000426610944,0.00544957855,378.417866,0.152658381
103390.743067,-0.000301855074,0.00376119112,393.404399,0.152645027
103390.747235,0.00153548368,0.0058039689,386.209897,0.152635521
103390.751403,0.00106370625,0.00531020277,398.613041,0.152627931
103390.755572,0.0029685377,0.00526173309,336.143184,0.152623644
103390.759740,0.00249957832,0.00509132546,337.929318,0.152624838
103390.763909,0.00228638802,0.00458470161,339.104629,0.152625903
103390.768077,0.00350264156,0.0047973234,282.520964,0.152625182
103390.772245,0.00328431958,0.00442169024,282.041419,0.15262765
103390.776414,0.0039813766,0.00368396094,290.891539,0.152626868
103390.780582,0.00394139746,0.00361089164,291.137667,0.152626261
103390.784751,0.00418791011,0.00377047153,289.788094,0.152623553
103390.788919,0.00339515304,0.00248868072,430.122279,0.1526208
103390.793087,0.00390042006,0.00280904499,427.226037,0.152616261
103390.797256,0.00327718177,0.000754748474,1107.71733,0.152613991
103390.801424,0.00592257851,0.00212427359,872.397859,0.152611798
103390.805593,0.0052023468,0.00120411128,447.353105,0.152601905
103390.809761,0.00446836322,0.00204183536,442.794358,0.152579958
103390.813930,0.00465593575,0.002594112,444.451186,0.152563354
103390.818098,0.00340835582,0.000207318229,274.486869,0.152551075
103390.822266,0.0035672412,0.00127841596,275.434878,0.152534987
103390.826435,0.00382405565,0.000430211996,228.031362,0.152499518
103390.830603,0.00362739977,-0.000118575894,228.356277,0.152462585
103390.834772,0.0038954291,-0.000455599751,226.950352,0.152450939
103390.838940,0.00267423243,-0.00132237829,225.669449,0.15243744
103390.843108,0.00233564794,-0.00250196717,227.792437,0.152422211
103390.847277,0.00196726852,-0.00109141538,296.348387,0.152417896
103390.851445,0.00230664326,-0.00289347868,296.412759,0.152426402
103390.855614,0.00242869556,-1.3704125e-05,387.781622,0.152446379
103390.859782,0.00126237722,-0.000827868001,392.912345,0.152453492
103390.863951,0.000473401175,-0.00108827188,394.414207,0.152458741
103390.868119,0.00170683666,0.000418038506,460.514114,0.152471965
103390.872287,0.00062841345,0.000517548514,464.069773,0.152482778
103390.876456,0.00238353578,0.000446883956,505.761124,0.15248407
103390.880624,0.00208649572,0.000483065195,502.477387,0.152484117
103390.884793,0.00172744675,0.000159361345,499.331656,0.152482151
103390.888961,0.00241578421,-0.000712669636,495.84679,0.152473876
103390.893129,0.00266554408,-0.00122587835,479.291523,0.152471137
103390.897298,0.00159865225,-0.00154273919,575.429051,0.152472572
103390.901466,0.00165402964,-0.00196163609,570.281504,0.152466156
103390.905635,0.00161807898,-0.00170002249,555.605328,0.152469185
103390.909803,0.000205596544,-0.000929418554,704.071764,0.15247196
103390.913971,-4.87833909e-05,0.000456044096,698.592968,0.152474671
103390.918140,-0.000601935616,-0.00138630607,996.791693,0.152469159
103390.922308,-0.00087138032,-0.00090135596,1037.84688,0.152464765
103390.926477,-0.00103405263,-0.00345455597,338.270099,0.152458617
103390.930645,-0.00139405094,-0.00213306658,334.279314,0.152488409
103390.934814,-0.00260480977,0.000248471471,324.149492,0.152526817
