t,v_x,v_y,sigma_vx,sigma_vy,distance,status,flow_quality,h
85856.427321,-0.0216562196,-0.0206851078,0.0324200823,0.0324200823,0,787,113.437974,0.3
85856.437348,-0.0171625184,-0.0138308821,0.032170143,0.032170143,0,787,95.1825847,0.3
85856.447376,-0.01284849,-0.0126984721,0.0325629967,0.0325629967,0,787,103.200798,0.3
85856.457403,-0.0204341904,0.00465248058,0.0325005581,0.0325005581,0,787,107.280238,0.3
85856.467431,-0.0164208758,0.0192059681,0.0325525339,0.0325525339,0,787,103.919895,0.3
85856.477458,-0.018710782,0.0168624562,0.0324902688,0.0324902688,0,787,107.99758,0.3
85856.487486,-0.0205355404,0.0178958418,0.0327541758,0.0327541758,0,787,92.916168,0.3
85856.497513,-0.0543097178,0.076591281,0.0353606108,0.0353606108,0.0004707292,787,44.6997614,0.3
85856.507541,-0.0296867256,0.0420857829,0.0344845248,0.0344845248,0.00119973924,787,54.2133893,0.3
85856.517568,-0.0333993976,0.050867747,0.0352884277,0.0352884277,0.00176303224,787,45.9470346,0.3
85856.527596,-0.0229171619,0.0501864874,0.035428728,0.035428728,0.00234477676,787,45.0777328,0.3
85856.537623,-0.0265850952,0.0588836049,0.0338464576,0.0338464576,0.0029452849,787,46.4428716,0.3
85856.547651,-0.0592514467,0.120356617,0.0350189706,0.0350189706,0.00394185603,787,48.1357495,0.3
85856.557678,-0.0294064985,0.0839415392,0.0352391164,0.0352391164,0.0050603389,787,46.541004,0.3
85856.567706,-0.02107965,0.0610223426,0.0341830404,0.0341830404,0.00583000811,787,58.0385691,0.3
85856.577733,-0.0212232882,0.0465833293,0.0341648764,0.0341648764,0.00641032491,787,57.992837,0.3
85856.587760,-0.00918282857,0.0362923021,0.0326378578,0.0326378578,0.00666696687,787,69.79034,0.3
85856.597788,-0.00962946905,0.030342306,0.033301753,0.033301753,0.00666696687,787,73.9705873,0.3
85856.607815,-0.0147393079,0.00520254945,0.0329297802,0.0329297802,0.00666696687,787,85.6431883,0.3
85856.617843,-0.0178216707,-0.00565676586,0.0325195792,0.0325195792,0.00666696687,787,106.141226,0.3
85856.627871,-0.0285505211,-0.0203865978,0.0338345829,0.0338345829,0.00666696687,787,62.689349,0.3
85856.637898,-0.0264819806,-0.0294009174,0.0331087173,0.0331087173,0.00666696687,787,79.6580525,0.3
85856.647926,-0.0345478113,-0.037050254,0.0333455087,0.0333455087,0.00692096805,787,72.973867,0.3
85856.657953,-0.0169387007,-0.0420129653,0.0336888262,0.0336888262,0.00717494389,787,65.5386185,0.3
85856.667981,-0.021352349,-0.0461628897,0.0334753839,0.0334753839,0.00742996557,787,70.0518282,0.3
85856.678007,-0.0292986466,-0.0412013493,0.0336087828,0.0336087828,0.00793837623,787,67.1090926,0.3
85856.688036,-0.0217886819,-0.0434794603,0.0326207546,0.0326207546,0.00819189191,787,70.8843984,0.3
85856.698062,-0.0260421232,-0.051374769,0.0340185059,0.0340185059,0.00848063197,787,59.6670653,0.3
85856.708091,-0.0179773255,-0.0551306033,0.0338750356,0.0338750356,0.0090602375,787,62.4407214,0.3
85856.718118,-0.028407628,-0.05611328,0.0336644781,0.0336644781,0.00966627918,787,66.1402099,0.3
85856.728146,-0.0286411708,-0.0628311565,0.0327048459,0.0327048459,0.010327854,787,69.4356192,0.3
85856.738173,-0.0568940022,-0.0580110583,0.0338166637,0.0338166637,0.0110814092,787,63.0283768,0.3
85856.748201,-0.056340297,-0.043812169,0.0336509199,0.0336509199,0.0118466679,787,66.4174621,0.3
85856.758228,-0.0653198333,-0.0558524493,0.0344517425,0.0344517425,0.012635358,787,54.093261,0.3
85856.768256,-0.0647023799,-0.051277153,0.046818388,0.046818388,0.013480219,787,54.093261,0.3
85856.778283,-0.0253940561,-0.0224115668,0.0323706469,0.0323706469,0.0138941211,787,85.8861565,0.3
85856.788311,-0.0242002441,-0.0151402549,0.0327239109,0.0327239109,0.0138941211,787,94.3323486,0.3
85856.798338,-0.0228679228,-0.00408510385,0.0325717275,0.0325717275,0.0138941211,787,102.649305,0.3
85856.808366,-0.0181883395,-2.3528104e-05,0.0324945605,0.0324945605,0.0138941211,787,107.789887,0.3
85856.818393,-0.018848711,0.00600088076,0.0324791252,0.0324791252,0.0138941211,787,108.764816,0.3
85856.828421,-0.0205777335,0.00758235702,0.0320884664,0.0320884664,0.0138941211,787,111.621236,0.3
85856.838448,-0.0197889378,0.00855885339,0.0323879524,0.0323879524,0.0138941211,787,115.871956,0.3
85856.848476,-0.0200697828,0.0182170326,0.0324465322,0.0324465322,0.0138941211,787,111.28473,0.3
85856.858503,-0.0137636789,0.00945805774,0.0325904472,0.0325904472,0.0138941211,787,101.464266,0.3
85856.868531,-0.015209824,0.00894655275,0.0327668588,0.0327668588,0.0138941211,787,92.332562,0.3
85856.878558,-0.0234111926,0.0111614371,0.0328974083,0.0328974083,0.0138941211,787,86.7648659,0.3
85856.888586,-0.0183471968,0.00522210539,0.0324694794,0.0324694794,0.0138941211,787,109.64294,0.3
85856.898613,-0.0124925153,-0.000177566993,0.0323123427,0.0323123427,0.0138941211,787,122.992382,0.3
85856.908640,-0.0132297095,-0.00767896157,0.0322436481,0.0322436481,0.0138941211,787,130.550627,0.3
85856.918668,-0.0131254654,-0.00325970589,0.0322654352,0.0322654352,0.0138941211,787,128.170529,0.3
85856.928695,-0.00160705132,-0.0154436149,0.0318520093,0.0318520093,0.0138941211,787,188.492868,0.3
85856.938722,0.000925492478,-0.016374445,0.0319670853,0.0319670853,0.0138941211,787,184.223274,0.3
85856.948750,0.0021965411,-0.0170370491,0.0319693975,0.0319693975,0.0138941211,787,183.992413,0.3
85856.958777,-0.00522765551,-0.0139101995,0.0320194588,0.0320194588,0.0138941211,787,169.260707,0.3
85856.968805,-0.00848583601,-0.0125022074,0.0321821483,0.0321821483,0.0138941211,787,138.765282,0.3
85856.978832,-0.0209023981,-0.00657855373,0.0323585378,0.0323585378,0.0138941211,787,118.489578,0.3
85856.988860,-0.0383426152,0.00802859568,0.0324833093,0.0324833093,0.0138941211,787,108.542512,0.3
85856.998887,-0.0430397841,0.0158421176,0.0329396267,0.0329396267,0.0138941211,787,85.0916624,0.3
85857.008915,-0.0472031978,0.00775490073,0.0335007785,0.0335007785,0.0138941211,787,69.2978176,0.3
85857.018942,-0.0717041505,0.00754883688,0.033658996,0.033658996,0.0142555966,787,66.1469537,0.3
85857.028970,-0.0668030837,-0.0142015011,0.0327820287,0.0327820287,0.0149595439,787,65.1862786,0.3
85857.038997,-0.0743037636,-0.0405405686,0.0342462168,0.0342462168,0.0157263076,787,56.447276,0.3
85857.049025,-0.0895680439,-0.0315843342,0.03415101,0.03415101,0.0166269102,787,58.2209209,0.3
85857.059052,-0.139745788,-0.0205259757,0.0348139807,0.0348139807,0.0178111936,787,50.223593,0.3
85857.069080,-0.180363699,-0.0236967936,0.0351219063,0.0351219063,0.0194315123,787,47.5079292,0.3
85857.079107,-0.244722201,-0.0235556181,0.033267765,0.033267765,0.0215761221,787,59.0570696,0.3
85857.089135,-0.249300406,-0.0257495877,0.045952502,0.045952502,0.0240654725,787,59.0570696,0.3
85857.099162,-0.277873317,-0.054353397,0.0346579641,0.0346579641,0.0267415083,787,54.1877401,0.3
85857.109190,-0.299229727,-0.0625775405,0.0343730077,0.0343730077,0.0296939641,787,55.3739501,0.3
85857.119217,-0.329156965,-0.0596017136,0.0340080198,0.0340080198,0.0329036704,787,60.3439129,0.3
85857.129245,-0.360600149,-0.0486510071,0.0334954958,0.0334954958,0.036405332,787,47.7978663,0.3
85857.139272,-0.39180922,-0.0419479561,0.0349197967,0.0349197967,0.0402051419,787,48.9465152,0.3
85857.149300,-0.412816227,-0.0342614246,0.0350885059,0.0350885059,0.0442578773,787,47.8416008,0.3
85857.159327,-0.43312304,-0.0386229588,0.0350947485,0.0350947485,0.048514726,787,47.8247919,0.3
85857.169355,-0.45652839,-0.0187149479,0.0350351104,0.0350351104,0.0529859782,787,48.3844099,0.3
85857.179382,-0.494238374,-0.0101591087,0.0335198059,0.0335198059,0.0577550932,787,49.6618403,0.3
85857.189410,-0.524079922,0.0142174958,0.034539739,0.034539739,0.0628624313,787,53.0208781,0.3
85857.199437,-0.551467202,0.0269656895,0.0345385996,0.0345385996,0.0682589569,787,53.3288429,0.3
85857.209465,-0.568371932,0.0481612131,0.0351373846,0.0351373846,0.0738873466,787,47.2794838,0.3
85857.219492,-0.575882534,0.05212638,0.0473241037,0.0473241037,0.0796460814,787,47.2794838,0.3
85857.229520,-0.603989688,0.0715374508,0.0335422173,0.0335422173,0.0855949331,787,47.5268814,0.3
85857.239547,-0.638290334,0.0911742997,0.0347501056,0.0347501056,0.0918767514,787,50.6850265,0.3
85857.249575,-0.654123047,0.0938699912,0.0345642434,0.0345642434,0.0984229963,787,53.1115866,0.3
85857.259602,-0.67158198,0.0955558906,0.0347348545,0.0347348545,0.105136926,787,51.1709331,0.3
85857.269630,-0.669229685,0.0860467982,0.0345773414,0.0345773414,0.111921293,787,52.9581331,0.3
85857.279657,-0.670038878,0.0653227837,0.0339111708,0.0339111708,0.118679262,787,45.2225239,0.3
85857.289685,-0.679669498,0.0453332915,0.0351344509,0.0351344509,0.125470199,787,47.0927994,0.3
85857.299712,-0.678565605,0.0558739158,0.0347248099,0.0347248099,0.132298796,787,51.4445769,0.3
85857.309740,-0.693662666,0.0832246648,0.0353950099,0.0353950099,0.139215606,787,45.1557296,0.3
85857.319767,-0.709766925,0.086764152,0.0352908035,0.0352908035,0.14630313,787,46.2176037,0.3
85857.329795,-0.737463791,0.107808654,0.0364985676,0.0364985676,0.153625339,787,37.8900302,0.3
85857.339822,-0.777323017,0.124405173,0.0355231306,0.0355231306,0.161308615,787,44.6996945,0.3
85857.349850,-0.784524269,0.127233617,0.0356764537,0.0356764537,0.169240712,787,43.2642174,0.3
85857.359878,-0.78795866,0.132457699,0.0351569595,0.0351569595,0.17723197,787,47.4608968,0.3
85857.369905,-0.790681875,0.13073617,0.0362971337,0.0362971337,0.185255734,787,39.0141358,0.3
85857.379933,-0.796062501,0.138591646,0.0342859053,0.0342859053,0.193325536,787,40.3598206,0.3
85857.389960,-0.804479431,0.144985235,0.0369921797,0.0369921797,0.201474862,791,34.7968757,0.3
85857.399988,-0.799802885,0.134559842,0.0363006446,0.0363006446,0.209640076,791,39.6381187,0.3
85857.410015,-0.801281118,0.129993265,0.0380010232,0.0380010232,0.217775985,791,31.1170452,0.3
85857.420043,-0.799160256,0.128169705,0.0494909924,0.0494909924,0.225904332,791,31.1170452,0.3
85857.430070,-0.826455968,0.106171642,0.0341049458,0.0341049458,0.234139611,791,41.1545879,0.3
85857.440098,-0.850343658,0.099592695,0.0358818981,0.0358818981,0.242610281,791,41.2990636,0.3
85857.450125,-0.854586882,0.0712522466,0.0354713533,0.0354713533,0.251201957,791,44.912624,0.3
85857.460153,-0.863863626,0.0635798894,0.0359688743,0.0359688743,0.259844851,791,41.2142714,0.3
85857.470180,-0.862212923,0.0767846458,0.0344263369,0.0344263369,0.268527358,791,37.4330922,0.3
85857.480208,-0.862447667,0.110432133,0.0364123439,0.0364123439,0.277227221,791,38.045758,0.3
85857.490235,-0.884766433,0.161829496,0.0361246432,0.0361246432,0.286095769,791,40.5167226,0.3
85857.500263,-0.903993447,0.202208573,0.0351056891,0.0351056891,0.295250216,791,48.0434378,0.3
85857.510290,-0.922634019,0.232197273,0.034744998,0.034744998,0.304664249,791,51.2224918,0.3
85857.520318,-0.945318349,0.244897063,0.0336851588,0.0336851588,0.314330884,791,45.034236,0.3
85857.530345,-0.964490981,0.252867056,0.0356605711,0.0356605711,0.324225594,791,42.7081148,0.3
85857.540373,-0.967649255,0.250185409,0.0477149199,0.0477149199,0.33423633,791,42.7081148,0.3
85857.550400,-0.976522192,0.229646921,0.0407080154,0.0407080154,0.344276517,791,26.4386909,0.3
85857.560428,-0.967232974,0.167906564,0.0367284807,0.0367284807,0.354228607,791,38.3177466,0.3
85857.570455,-0.973116727,0.122854563,0.0346391418,0.0346391418,0.3640678,791,39.9348525,0.3
85857.580483,-0.982792208,0.107790209,0.0361222883,0.0361222883,0.373943008,791,39.9097149,0.3
85857.590510,-1.01965426,0.0949318398,0.0358727446,0.0358727446,0.384033928,791,42.0673843,0.3
85857.600538,-1.03556459,0.0750103426,0.0378265832,0.0378265832,0.394374508,791,31.6529988,0.3
85857.610565,-1.05540727,0.0885031082,0.0361796373,0.0361796373,0.404889769,791,40.612385,0.3
85857.620593,-1.07487332,0.0684347477,0.037318118,0.037318118,0.415600482,791,34.0221481,0.3
85857.630620,-1.1009731,0.0844596756,0.0404313715,0.0404313715,0.426536217,791,23.5670442,0.3
85857.640648,-1.15559583,0.120355712,0.0371669076,0.0371669076,0.437898214,791,36.1106155,0.3
85857.650675,-1.18206999,0.120744741,0.0361917279,0.0361917279,0.449680276,791,40.3400909,0.3
85857.660703,-1.18526531,0.119263909,0.0362557548,0.0362557548,0.461610945,791,39.6422012,0.3
85857.670730,-1.18341996,0.120245507,0.0340652354,0.0340652354,0.473546904,791,43.4309557,0.3
85857.680758,-1.18001661,0.0994425556,0.0363957358,0.0363957358,0.485448699,791,37.9917177,0.3
85857.690785,-1.17666724,0.0949851618,0.0364800211,0.0364800211,0.497304093,791,38.3889635,0.3
85857.700813,-1.17780497,0.100310935,0.0364706042,0.0364706042,0.509149987,791,38.4793517,0.3
85857.710840,-1.18624747,0.125408628,0.0358668306,0.0358668306,0.521056684,791,42.2177616,0.3
85857.720868,-1.18841399,0.134315627,0.0349467053,0.0349467053,0.533034318,791,49.4373116,0.3
85857.730895,-1.20822743,0.138475795,0.0373336911,0.0373336911,0.545127467,791,33.4219698,0.3
85857.740923,-1.23794566,0.160851354,0.0359862793,0.0359862793,0.557484415,791,41.6948181,0.3
85857.750950,-1.26797718,0.125675358,0.0370932398,0.0370932398,0.57013118,791,35.0096655,0.3
85857.760978,-1.28877921,0.0974527624,0.0374626219,0.0374626219,0.583000355,791,33.7157646,0.3
85857.771005,-1.32087414,0.0484088161,0.034629228,0.034629228,0.596106744,791,36.6736473,0.3
85857.781033,-1.3226395,-0.0143732117,0.0370979197,0.0370979197,0.60936616,791,34.4242255,0.3
85857.791060,-1.33664275,-0.067455948,0.0361988827,0.0361988827,0.622707391,791,40.2741255,0.3
85857.801088,-1.34985933,-0.107380595,0.0366761253,0.0366761253,0.636207423,791,37.2399532,0.3
85857.811115,-1.34994381,-0.124450452,0.0399698048,0.0399698048,0.649792964,791,24.5461412,0.3
85857.821143,-1.34613929,-0.139175988,0.0353119765,0.0353119765,0.663375804,791,37.7219492,0.3
85857.831170,-1.32201099,-0.13871959,0.0359780053,0.0359780053,0.676824938,791,41.0860634,0.3
85857.841198,-1.32102381,-0.116217304,0.0412612228,0.0412612228,0.69013909,791,20.5478968,0.3
85857.851225,-1.32887602,-0.114776773,0.0520378877,0.0520378877,0.703474747,791,20.5478968,0.3
85857.861253,-1.33546577,-0.0630523865,0.0375281297,0.0375281297,0.716866022,791,36.6895729,0.3
85857.871280,-1.35516328,-0.0431241725,0.0352242962,0.0352242962,0.730366389,791,31.0862765,0.3
85857.881308,-1.37394668,-0.0223739677,0.0372832632,0.0372832632,0.744054499,791,33.787942,0.3
85857.891335,-1.38373132,-0.0321151463,0.0372586717,0.0372586717,0.757882899,791,34.7055519,0.3
85857.901363,-1.39423576,-0.03124117,0.0366678822,0.0366678822,0.771815249,791,37.649778,0.3
85857.911390,-1.39289163,-0.052172337,0.0367920732,0.0367920732,0.785795163,791,36.7839595,0.3
85857.921418,-1.39423541,-0.0838767221,0.0351568773,0.0351568773,0.799787355,791,34.9665402,0.3
85857.931445,-1.40434244,-0.108708074,0.0368093679,0.0368093679,0.813851725,791,36.119927,0.3
85857.941473,-1.38715065,-0.131950559,0.0370329926,0.0370329926,0.827900732,791,35.6206995,0.3
85857.951500,-1.36641786,-0.155066847,0.037607246,0.037607246,0.841781112,791,33.053189,0.3
85857.961528,-1.33476017,-0.154055341,0.0410209796,0.0410209796,0.855413224,791,22.1539838,0.3
85857.971556,-1.28636437,-0.143407925,0.0364611736,0.0364611736,0.868639929,791,39.8155843,0.3
85857.981583,-1.26758149,-0.127129172,0.0362264601,0.0362264601,0.881515971,791,39.900588,0.3
85857.991611,-1.27154099,-0.104474509,0.0378557401,0.0378557401,0.894300499,791,31.6823743,0.3
85858.001638,-1.26086805,-0.0609289729,0.03697368,0.03697368,0.90702559,791,36.2641399,0.3
85858.011666,-1.25071411,-0.0208533733,0.03626697,0.03626697,0.919626912,791,39.8306187,0.3
85858.021693,-1.25547063,0.0116984875,0.0341525291,0.0341525291,0.932192813,791,40.8798919,0.3
85858.031721,-1.26152484,0.0274483797,0.0363734001,0.0363734001,0.944814799,791,38.1605449,0.3
85858.041748,-1.27685145,0.0335298495,0.0358254918,0.0358254918,0.957544652,791,42.4682273,0.3
85858.051776,-1.28176214,0.0222557919,0.036223062,0.036223062,0.970376717,791,39.7130591,0.3
85858.061803,-1.29061944,0.0119386811,0.0398644214,0.0398644214,0.983274597,791,24.6167958,0.3
85858.071831,-1.29952804,-0.0165917149,0.0364945671,0.0364945671,0.996262405,791,39.3479354,0.3
85858.081858,-1.28697053,-0.027735772,0.0357507715,0.0357507715,1.00923184,791,43.0260191,0.3
85858.091886,-1.27797985,-0.0336702113,0.0362176208,0.0362176208,1.02209623,791,39.7201062,0.3
85858.101913,-1.27201598,-0.0439624282,0.0354680609,0.0354680609,1.03488666,791,45.0359246,0.3
85858.111941,-1.26669441,-0.0432783186,0.0361077901,0.0361077901,1.04762327,791,40.3071589,0.3
85858.121968,-1.27176933,-0.0587070552,0.0343127658,0.0343127658,1.06036035,791,42.155319,0.3
85858.131996,-1.30217402,-0.0439265462,0.0363253666,0.0363253666,1.07327661,791,38.5156028,0.3
85858.142023,-1.34308294,-0.0535837759,0.0360616146,0.0360616146,1.08654768,791,40.8846376,0.3
85858.152051,-1.3749451,-0.0690342791,0.0363034069,0.0363034069,1.10018991,791,39.3081569,0.3
85858.162078,-1.4125503,-0.0839598312,0.0357984677,0.0357984677,1.1141862,791,32.9995662,0.3
85858.172106,-1.40817951,-0.0861748963,0.0478174261,0.0478174261,1.12835505,791,32.9995662,0.3
85858.182133,-1.41932237,-0.108513747,0.0376560286,0.0376560286,1.1425647,791,35.5723526,0.3
85858.192161,-1.43597211,-0.125458069,0.0330241712,0.0330241712,1.15692934,791,83.0549331,0.3
85858.202188,-1.47663286,-0.129560765,0.0342131124,0.0342131124,1.17158755,791,56.9641129,0.3
85858.212216,-1.44679964,-0.132087762,0.0357611609,0.0357611609,1.18630426,791,32.867107,0.3
85858.222243,-1.44971049,-0.134599718,0.0377981358,0.0377981358,1.20088734,791,31.7154719,0.3
85858.232271,-1.48225206,-0.121719031,0.0378725709,0.0378725709,1.21564448,791,32.23379,0.3
85858.242298,-1.50828118,-0.0902883639,0.037522689,0.037522689,1.23067607,791,33.7245919,0.3
85858.252326,-1.55797889,-0.0653359147,0.0386297223,0.0386297223,1.2460707,791,29.2613634,0.3
85858.262353,-1.59211238,-0.0127284583,0.0352581405,0.0352581405,1.2618708,791,36.0162818,0.3
85858.272381,-1.59802946,-0.0101739383,0.0474136335,0.0474136335,1.27786659,791,36.0162818,0.3
85858.282408,-1.62052254,0.00869720179,0.0497904791,0.0497904791,1.29400308,791,12.2270991,0.3
85858.292436,-1.64924797,-0.0425593077,0.0402641808,0.0402641808,1.31040058,791,27.9111151,0.3
85858.302463,-1.62558687,-0.0320403154,0.0385729316,0.0385729316,1.3268233,791,30.4564693,0.3
85858.312491,-1.61357237,-0.0755935753,0.0362817109,0.0362817109,1.3430749,791,27.0838328,0.3
85858.322519,-1.57517573,-0.11028848,0.038748021,0.038748021,1.35909149,791,28.2929497,0.3
85858.332546,-1.54409186,-0.0990497562,0.0388495945,0.0388495945,1.37476518,791,28.984747,0.3
85858.342574,-1.535691,-0.101444304,0.0410556025,0.0410556025,1.39023991,791,22.7000294,0.3
85858.352601,-1.52350024,-0.0923082206,0.0387417923,0.0387417923,1.40560795,791,30.1325054,0.3
85858.362629,-1.54976933,-0.122901797,0.0357352606,0.0357352606,1.42105573,791,31.3127312,0.3
85858.372656,-1.55048302,-0.134021153,0.0477686708,0.0477686708,1.43665223,791,31.3127312,0.3
85858.382684,-1.60263092,-0.143264418,0.0507340973,0.0507340973,1.45252297,791,11.2926547,0.3
85858.392711,-1.60966135,-0.149629676,0.0598373596,0.0598373596,1.46869463,853,25.7479405,0.3
85858.402739,-1.61865253,-0.148191931,0.0677396084,0.0677396084,1.48495013,853,29.2338493,0.3
85858.412766,-1.62927833,-0.137153876,0.0748208107,0.0748208107,1.50129646,853,22.1719205,0.3
85858.422794,-1.63870712,-0.117250745,0.081295769,0.081295769,1.51773204,853,22.9204837,0.3
85858.432821,-1.64066946,-0.091824734,0.0872970828,0.0872970828,1.53420707,853,18.6635112,0.3
85858.442849,-1.84188838,-0.181315992,0.0467440128,0.0467440128,1.55172613,791,21.4085793,0.3
85858.452876,-1.78277286,-0.122115222,0.0408745583,0.0408745583,1.56996395,791,25.8294087,0.3
85858.462904,-1.66556844,-0.00993516118,0.0383199346,0.0383199346,1.58727503,853,29.7798106,0.3
85858.472931,-1.64832173,0.0193074706,0.0497339999,0.0497339999,1.60388993,853,29.7798106,0.3
85858.482959,-1.64273045,0.042744391,0.0589900121,0.0589900121,1.62039462,853,16.869522,0.3
85858.492986,-1.6535699,0.0606694701,0.0669870701,0.0669870701,1.63692899,853,30.9002718,0.3
85858.503014,-1.67580463,0.0734429427,0.0741350991,0.0741350991,1.65363611,853,32.0772269,0.3
85858.513041,-1.70089327,0.0784602204,0.0806589299,0.0806589299,1.67058232,853,28.1429994,0.3
85858.523069,-1.72041062,0.077011368,0.0867007235,0.0867007235,1.68775445,853,28.4853705,0.3
85858.533096,-1.80193665,0.30011714,0.0455211373,0.0455211373,1.70554682,791,22.6788699,0.3
85858.543124,-1.82202386,0.287069296,0.0404199511,0.0404199511,1.7239545,791,26.6011068,0.3
85858.553151,-1.8085202,0.238688856,0.0397967263,0.0397967263,1.74234755,791,26.6853327,0.3
85858.563179,-1.7277887,0.17594421,0.0359432643,0.0359432643,1.76020204,791,31.698994,0.3
85858.573206,-1.72377227,0.164545058,0.0479244472,0.0479244472,1.77759052,791,31.698994,0.3
85858.583234,-1.68890833,0.15668176,0.0530859012,0.0530859012,1.79477735,791,8.62778949,0.3
85858.593261,-1.68679202,0.146622257,0.0618447611,0.0618447611,1.81176967,853,34.6636022,0.3
85858.603289,-1.52850994,0.124267779,0.0371791173,0.0371791173,1.82794837,791,39.0361105,0.3
85858.613317,-1.52782896,0.103008812,0.0350386562,0.0350386562,1.84331553,791,34.0054849,0.3
85858.623344,-1.53517715,0.0622780116,0.036850556,0.036850556,1.85869563,791,35.8515444,0.3
85858.633372,-1.55726417,0.0311814968,0.0368004156,0.0368004156,1.87420903,791,36.808432,0.3
85858.643399,-1.57839989,0.0138075734,0.0382482512,0.0382482512,1.88993155,791,30.3558701,0.3
85858.653427,-1.58509043,-0.00672526943,0.0390075825,0.0390075825,1.90579367,791,28.2673918,0.3
85858.663454,-1.61087647,-0.0444241253,0.0342204149,0.0342204149,1.92181979,791,43.9334835,0.3
85858.673482,-1.59073322,-0.0370449564,0.0367269051,0.0367269051,1.93787789,791,36.1695407,0.3
85858.683509,-1.57444103,-0.0253890344,0.0389194691,0.0389194691,1.95374968,791,27.8999752,0.3
85858.693537,-1.54401278,-0.00359594358,0.0425465467,0.0425465467,1.96938666,791,19.2785308,0.3
85858.703564,-1.54923495,-0.00314384007,0.0530625262,0.0530625262,1.98489469,791,19.2785308,0.3
85858.713592,-1.46364965,0.0461320312,0.0350458803,0.0350458803,2.00000495,791,31.9759757,0.3
85858.723619,-1.45394662,0.0440735805,0.0370858254,0.0370858254,2.01463932,791,34.6565559,0.3
85858.733647,-1.45709065,0.00686910863,0.0364539325,0.0364539325,2.02923869,791,38.7714115,0.3
85858.743674,-1.46319067,-0.0140884638,0.0359169721,0.0359169721,2.04387994,791,41.8693284,0.3
85858.753702,-1.46697268,-0.0225850924,0.0357415387,0.0357415387,2.05857299,791,42.9165952,0.3
85858.763729,-1.44042549,-0.0484563902,0.0342813382,0.0342813382,2.07315419,791,29.6975003,0.3
85858.773757,-1.41868692,-0.045613082,0.0466902315,0.0466902315,2.08749754,791,29.6975003,0.3
85858.783784,-1.35850046,-0.04596949,0.0466025493,0.0466025493,2.10142854,791,15.9614311,0.3
85858.793812,-1.25916367,-0.00837313072,0.037328125,0.037328125,2.11455755,791,36.7186048,0.3
85858.803839,-1.22842488,0.0144186185,0.0359446322,0.0359446322,2.12702963,791,41.9510573,0.3
85858.813867,-1.20545248,0.0702019417,0.0341491319,0.0341491319,2.13924376,791,42.1210595,0.3
85858.823895,-1.21677178,0.0801603544,0.0373494891,0.0373494891,2.15141226,791,32.9763324,0.3
85858.833922,-1.21909772,0.0470240949,0.0367816118,0.0367816118,2.16364226,791,37.0677749,0.3
85858.843950,-1.2438628,0.00485127068,0.0376233912,0.0376233912,2.17599614,791,32.8884817,0.3
85858.853977,-1.26937679,-0.0530738662,0.0361766736,0.0361766736,2.18860187,791,40.5645086,0.3
85858.864005,-1.29759592,-0.0825230072,0.0347859485,0.0347859485,2.20149138,791,35.8301725,0.3
85858.874032,-1.29677132,-0.0842089002,0.0470612365,0.0470612365,2.21452507,791,35.8301725,0.3
85858.884060,-1.29629247,-0.104597832,0.0427290509,0.0427290509,2.22756151,791,22.1395435,0.3
85858.894087,-1.2832616,-0.0872341641,0.0384823272,0.0384823272,2.24053008,791,31.4808336,0.3
85858.904115,-1.27255176,-0.0492390454,0.0344735625,0.0344735625,2.25336455,791,40.3522571,0.3
85858.914142,-1.29052949,-0.031435541,0.0377832973,0.0377832973,2.26622125,791,31.1710291,0.3
85858.924170,-1.31848279,-0.0372590599,0.0374503216,0.0374503216,2.2793074,791,34.0150105,0.3
85858.934197,-1.33601663,-0.0630024262,0.0373439094,0.0373439094,2.29262581,791,34.3693738,0.3
85858.944225,-1.3594985,-0.0534265328,0.0376824107,0.0376824107,2.30615383,791,32.8510002,0.3
85858.954252,-1.35654506,-0.017732441,0.0349798292,0.0349798292,2.31977656,791,35.4276828,0.3
85858.964280,-1.33844759,0.0209311217,0.0377552769,0.0377552769,2.33329065,791,31.5442335,0.3
85858.974307,-1.34916709,0.0227813147,0.0492999047,0.0492999047,2.34676679,791,31.5442335,0.3
85858.984335,-1.3191027,0.0734950672,0.046250992,0.046250992,2.36015672,791,17.3458672,0.3
85858.994363,-1.28309515,0.131716124,0.0395363495,0.0395363495,2.37324821,791,29.0800552,0.3
85859.004390,-1.2877609,0.153775125,0.0349340111,0.0349340111,2.38621687,791,38.3899099,0.3
85859.014418,-1.30653864,0.115137555,0.0378820704,0.0378820704,2.39929595,791,30.9834129,0.3
85859.024445,-1.31941178,0.067336345,0.0383569886,0.0383569886,2.41249514,791,30.3843291,0.3
85859.034473,-1.32436692,-0.000451990822,0.0381576892,0.0381576892,2.42575966,791,31.3144266,0.3
85859.044500,-1.33377885,-0.0708931145,0.0372426921,0.0372426921,2.43909571,791,35.0738096,0.3
85859.054528,-1.31204903,-0.100991149,0.0368696416,0.0368696416,2.45239079,791,36.5849426,0.3
85859.064555,-1.29981662,-0.111645354,0.0387433017,0.0387433017,2.46552883,791,28.573237,0.3
85859.074583,-1.28022716,-0.104952038,0.0366511476,0.0366511476,2.4785107,791,38.1910213,0.3
85859.084610,-1.28658599,-0.0758365416,0.0382615,0.0382615,2.49141215,791,30.2400831,0.3
85859.094638,-1.31082822,-0.0591227609,0.0394114043,0.0394114043,2.50445346,791,26.9824634,0.3
85859.104665,-1.36729812,-0.0299120925,0.0350650766,0.0350650766,2.51788857,791,37.9107473,0.3
85859.114693,-1.43528841,-0.0227896563,0.0368899481,0.0368899481,2.53194329,791,35.6623371,0.3
85859.124720,-1.47758219,-0.031917285,0.0376828447,0.0376828447,2.5465496,791,32.6692668,0.3
85859.134748,-1.51314769,-0.0581319805,0.0378606399,0.0378606399,2.56155244,791,32.2366059,0.3
85859.144775,-1.51509943,-0.0559133383,0.0430541113,0.0430541113,2.57674533,791,17.5210375,0.3
85859.154803,-1.47748796,-0.0678441796,0.0364855397,0.0364855397,2.59176314,791,40.115786,0.3
85859.164831,-1.43614263,-0.0349630589,0.0364162295,0.0364162295,2.60638202,791,38.7861343,0.3
85859.174858,-1.42298073,-0.018374265,0.0359112268,0.0359112268,2.62071896,791,41.8933993,0.3
85859.184886,-1.43094173,-0.0133952639,0.0382590681,0.0382590681,2.63502944,791,29.9244603,0.3
85859.194913,-1.447062,-0.00503947345,0.0389596881,0.0389596881,2.64945867,791,28.4239432,0.3
85859.204941,-1.51049268,-0.0323569296,0.0355971723,0.0355971723,2.66428963,791,32.2916121,0.3
85859.214968,-1.57069717,-0.0360528041,0.0384046104,0.0384046104,2.67974099,791,29.2141483,0.3
85859.224996,-1.57786916,-0.042164405,0.0497996288,0.0497996288,2.6955328,791,29.2141483,0.3
85859.235023,-1.62382532,-0.0745921035,0.048635125,0.048635125,2.7115959,791,14.5721715,0.3
85859.245051,-1.69742843,-0.139600124,0.0396308894,0.0396308894,2.72828599,791,29.3093332,0.3
85859.255078,-1.75758035,-0.182951344,0.0379863961,0.0379863961,2.74568402,791,21.5240383,0.3
85859.265106,-1.7817974,-0.212063684,0.0408031794,0.0408031794,2.76354112,791,22.9140675,0.3
85859.275133,-1.76994812,-0.237731704,0.0390108532,0.0390108532,2.78149053,791,29.1747912,0.3
85859.285161,-1.76713662,-0.221662757,0.0390865576,0.0390865576,2.7993746,791,28.3077218,0.3
85859.295189,-1.74467554,-0.198082652,0.042092163,0.042092163,2.81710846,791,20.3705028,0.3
85859.305216,-1.70199651,-0.156402293,0.0368283468,0.0368283468,2.8344805,791,25.1851191,0.3
85859.315244,-1.68392374,-0.133913767,0.0395632632,0.0395632632,2.85152011,791,25.8547933,0.3
85859.325271,-1.68583114,-0.128646091,0.0443870787,0.0443870787,2.86846561,791,15.9297651,0.3
85859.335299,-1.68689163,-0.138806863,0.0545512009,0.0545512009,2.8854296,791,15.9297651,0.3
85859.345326,-1.71296725,-0.173401254,0.0385164203,0.0385164203,2.90254727,791,33.4530095,0.3
85859.355354,-1.72439746,-0.236695155,0.0374350562,0.0374350562,2.91990718,791,24.324105,0.3
85859.365381,-1.75506696,-0.282638426,0.039182025,0.039182025,2.9375459,791,27.3453882,0.3
85859.375409,-1.78277603,-0.294441639,0.0400548307,0.0400548307,2.95551912,791,25.4793433,0.3
85859.385436,-1.81573119,-0.309344614,0.0400543706,0.0400543706,2.97381249,787,25.8274859,0.3
85859.395464,-1.84673915,-0.304429191,0.0406343662,0.0406343662,2.99243226,787,24.2941258,0.3
85859.405492,-1.88300019,-0.279521387,0.0391403379,0.0391403379,3.0113616,787,19.4316971,0.3
85859.415519,-1.90604321,-0.256526365,0.0402280999,0.0402280999,3.03054757,787,24.9804484,0.3
85859.425547,-1.92166304,-0.242728876,0.0413731819,0.0413731819,3.04990242,787,22.5618265,0.3
85859.435574,-1.89424533,-0.230156357,0.0414996785,0.0414996785,3.06917987,787,22.7444251,0.3
85859.445602,-1.87966556,-0.216799177,0.0486830814,0.0486830814,3.08823459,787,9.8596194,0.3
85859.455629,-1.80443077,-0.177648614,0.0412659481,0.0412659481,3.10681102,787,25.4125598,0.3
85859.465657,-1.75996488,-0.107444115,0.0400941265,0.0400941265,3.12474307,787,26.1661816,0.3
85859.475684,-1.73455939,-0.0423710181,0.0398124667,0.0398124667,3.14228189,787,26.5182662,0.3
85859.485712,-1.75528505,0.0141363043,0.0405088539,0.0405088539,3.15978285,787,24.5176956,0.3
85859.495739,-1.75565577,0.0637821864,0.0397168916,0.0397168916,3.17739104,787,26.9425628,0.3
85859.505767,-1.79015338,0.133180469,0.036430615,0.036430615,3.19520034,787,29.1053675,0.3
85859.515795,-1.80257453,0.154581721,0.0391873962,0.0391873962,3.21327226,787,26.8605578,0.3
85859.525822,-1.80780817,0.147282546,0.0476694036,0.0476694036,3.23143611,787,9.38604557,0.3
85859.535850,-1.80706066,0.141559532,0.0572563868,0.0572563868,3.24961885,787,9.38604557,0.3
85859.545877,-1.74850981,0.112586858,0.0424173524,0.0424173524,3.26749061,787,24.6927749,0.3
85859.555905,-1.67162459,0.0833225722,0.0366728585,0.0366728585,3.28466773,787,26.4549651,0.3
85859.565932,-1.62149035,0.0930302286,0.0388442083,0.0388442083,3.30120154,787,28.1309126,0.3
85859.575960,-1.5977713,0.105541237,0.0380277451,0.0380277451,3.31737374,787,31.9841736,0.3
85859.585987,-1.59030385,0.130702723,0.0395477253,0.0395477253,3.3334015,787,26.4579348,0.3
85859.596015,-1.56404454,0.171781479,0.0372934764,0.0372934764,3.34929144,787,23.9330212,0.3
85859.606042,-1.57062071,0.179446385,0.0489451293,0.0489451293,3.36510547,787,23.9330212,0.3
85859.616070,-1.59427311,0.208949706,0.049932297,0.049932297,3.38109384,787,12.7630346,0.3
85859.626098,-1.62140083,0.253932487,0.0403806825,0.0403806825,3.39738469,787,27.6549108,0.3
85859.636125,-1.63634092,0.248563922,0.039046421,0.039046421,3.41391057,787,28.9211498,0.3
85859.646153,-1.64651535,0.232473438,0.0361302114,0.0361302114,3.43054681,787,29.1163093,0.3
85859.656180,-1.67362487,0.250398283,0.0399051511,0.0399051511,3.4473676,787,24.4382875,0.3
85859.666208,-1.65796859,0.228836117,0.0409201512,0.0409201512,3.46424442,787,23.5121524,0.3
85859.676235,-1.65817682,0.238318067,0.04047065,0.04047065,3.48103414,787,25.0479571,0.3
85859.686263,-1.65871056,0.236434603,0.0421944365,0.0421944365,3.49783451,787,20.82877,0.3
85859.696290,-1.68353926,0.259446597,0.0375356713,0.0375356713,3.51477457,787,26.4643102,0.3
85859.706318,-1.6915185,0.266019148,0.0491310089,0.0491310089,3.531901,787,26.4643102,0.3
85859.716346,-1.68885409,0.274233405,0.0475068776,0.0475068776,3.54906534,787,15.6839408,0.3
85859.726373,-1.66245003,0.266729764,0.0399838895,0.0399838895,3.5660846,787,28.1502701,0.3
85859.736401,-1.63965976,0.25691172,0.0395926352,0.0395926352,3.58284829,787,27.1156121,0.3
85859.746428,-1.60745279,0.22196964,0.0363396591,0.0363396591,3.59930445,787,28.4699974,0.3
85859.756456,-1.56835983,0.189143946,0.0367706834,0.0367706834,3.61536144,787,36.7784748,0.3
85859.766483,-1.53773648,0.159202308,0.0377686942,0.0377686942,3.63103203,787,32.2577298,0.3
85859.776511,-1.54192088,0.119307645,0.0374434531,0.0374434531,3.64653776,787,34.0370234,0.3
85859.786538,-1.53966244,0.0985911461,0.0369316113,0.0369316113,3.66202619,787,36.3300125,0.3
85859.796566,-1.55635428,0.0881466766,0.0344711077,0.0344711077,3.67757793,787,38.7833064,0.3
85859.806594,-1.55938181,0.0810239456,0.0468287298,0.0468287298,3.69322329,787,38.7833064,0.3
85859.816621,-1.57203773,0.065828721,0.0465592694,0.0465592694,3.70894011,787,16.0732403,0.3
85859.826649,-1.56377735,0.0233776899,0.0394654219,0.0394654219,3.72467087,787,29.3417261,0.3
85859.836676,-1.55689892,0.0064180389,0.0388277102,0.0388277102,3.74031733,787,29.3171,0.3
85859.846704,-1.51257118,-0.0354286626,0.0348577545,0.0348577545,3.7557098,787,29.1475471,0.3
85859.856731,-1.472166,-0.0650924478,0.0384547195,0.0384547195,3.77068307,787,28.6477047,0.3
85859.866759,-1.44972754,-0.0911131297,0.0372172955,0.0372172955,3.785355,787,35.290936,0.3
85859.876786,-1.44708354,-0.113734632,0.0381353653,0.0381353653,3.79991487,787,30.958336,0.3
85859.886814,-1.45633364,-0.138562379,0.0383133766,0.0383133766,3.81452796,787,30.6445942,0.3
85859.896842,-1.47836152,-0.151386114,0.0431591002,0.0431591002,3.82931426,787,17.5947269,0.3
85859.906869,-1.55479516,-0.167498406,0.0395684556,0.0395684556,3.84460485,787,28.2069173,0.3
85859.916897,-1.61186577,-0.151809599,0.0379858673,0.0379858673,3.86056336,787,32.3850282,0.3
85859.926924,-1.65534081,-0.146726275,0.0388223335,0.0388223335,3.8770118,787,28.773189,0.3
85859.936952,-1.68365912,-0.150758319,0.0400422107,0.0400422107,3.89381986,787,25.3605812,0.3
85859.946979,-1.73722081,-0.170601904,0.0366428646,0.0366428646,3.91104611,787,30.0104109,0.3
85859.957007,-1.74071963,-0.177770911,0.0376483255,0.0376483255,3.9285718,787,32.7226844,0.3
85859.967035,-1.73722442,-0.171091504,0.0390193767,0.0390193767,3.94609775,787,27.974654,0.3
85859.977062,-1.71702145,-0.160772432,0.0444166278,0.0444166278,3.9634954,787,15.5062034,0.3
85859.987090,-1.71353543,-0.157634613,0.0545743096,0.0545743096,3.98077015,787,15.5062034,0.3
85859.997117,-1.6398203,-0.0968845645,0.0358940465,0.0358940465,3.99763281,787,31.4751003,0.3
85860.007145,-1.6197185,-0.0875487062,0.0381811845,0.0381811845,4.01400233,787,30.2173104,0.3
85860.017172,-1.61681193,-0.0560052877,0.0398850794,0.0398850794,4.03024539,787,25.5227111,0.3
85860.027200,-1.61349763,-0.0247952707,0.0384952904,0.0384952904,4.04644798,787,30.6033156,0.3
85860.037227,-1.63467404,-0.0190566955,0.0386503424,0.0386503424,4.0627342,787,29.5647238,0.3
85860.047255,-1.68033202,0.000493117304,0.0368997335,0.0368997335,4.0793562,787,23.5411495,0.3
85860.057283,-1.7097184,0.00792892978,0.0392437134,0.0392437134,4.09635401,787,26.9016071,0.3
85860.067310,-1.73254848,0.0130108064,0.0384485889,0.0384485889,4.11361215,787,30.5474451,0.3
85860.077338,-1.74795848,0.0214571227,0.0460350363,0.0460350363,4.13106432,787,11.8842384,0.3
85860.087365,-1.75630699,0.0213038536,0.0558998107,0.0558998107,4.14863426,787,11.8842384,0.3
85860.097393,-1.73027143,0.00430377005,0.0377685817,0.0377685817,4.16611664,787,23.9902671,0.3
85860.107420,-1.7458731,-0.0268472074,0.0400472443,0.0400472443,4.18354535,787,24.8641112,0.3
85860.117448,-1.74406483,-0.0485642041,0.0398548816,0.0398548816,4.20104832,787,26.3825606,0.3
85860.127476,-1.7497316,-0.0742922709,0.0419602083,0.0419602083,4.21857751,787,21.0499902,0.3
85860.137503,-1.75549579,-0.0793432074,0.0418866138,0.0418866138,4.23616786,787,22.1213628,0.3
85860.147531,-1.74494326,-0.131269003,0.037744809,0.037744809,4.25375277,787,26.2518416,0.3
85860.157558,-1.74735524,-0.139614876,0.0492896351,0.0492896351,4.27131405,787,26.2518416,0.3
85860.167586,-1.75494775,-0.161550474,0.053073195,0.053073195,4.28893972,787,9.48030861,0.3
85860.177613,-1.78088753,-0.196838045,0.043504995,0.043504995,4.3067582,787,22.2064147,0.3
85860.187641,-1.81861059,-0.222637034,0.0386372196,0.0386372196,4.32492854,787,31.15704,0.3
85860.197668,-1.88019238,-0.255184673,0.03736344,0.03736344,4.34362698,787,26.2047143,0.3
85860.207696,-1.90794431,-0.263485367,0.0401085565,0.0401085565,4.36279792,787,24.4937527,0.3
85860.217724,-1.91985324,-0.255048196,0.0382892689,0.0382892689,4.38216586,787,31.4130617,0.3
85860.227751,-1.92822312,-0.253627757,0.0391190383,0.0391190383,4.40162602,787,27.9118295,0.3
85860.237779,-1.91034719,-0.24853825,0.0394848105,0.0394848105,4.42103661,787,27.1056646,0.3
85860.247806,-1.89482764,-0.24092051,0.0379450219,0.0379450219,4.44027105,787,24.3605175,0.3
85860.257834,-1.89909259,-0.239788462,0.0494441979,0.0494441979,4.45944586,787,24.3605175,0.3
85860.267861,-1.91464625,-0.237615152,0.0543317432,0.0543317432,4.47871528,787,8.18490543,0.3
85860.277889,-2.01366672,-0.25996816,0.0401285981,0.0401285981,4.49856928,787,28.9614334,0.3
85860.287917,-2.02181895,-0.25937453,0.0400219374,0.0400219374,4.51897007,787,25.9462815,0.3
85860.297944,-2.01411564,-0.239868928,0.0373765696,0.0373765696,4.53935866,787,22.9880135,0.3
85860.307972,-1.97793787,-0.223721803,0.0417643044,0.0417643044,4.55950942,787,20.1645868,0.3
85860.317999,-1.94315454,-0.20458225,0.0434217551,0.0434217551,4.57928489,787,18.955783,0.3
85860.328027,-1.87844354,-0.158121115,0.0412127766,0.0412127766,4.59853354,787,24.1292178,0.3
85860.338054,-1.80594605,-0.116131789,0.0402135291,0.0402135291,4.61705724,787,25.8236823,0.3
85860.348082,-1.75894067,-0.0942571758,0.0467290728,0.0467290728,4.63496294,787,12.1274442,0.3
85860.358110,-1.74186658,-0.0890057049,0.0564739506,0.0564739506,4.65254003,849,34.0284648,0.3
85860.368137,-1.6109257,-0.0475629687,0.0385348172,0.0385348172,4.66936417,787,33.60669,0.3
85860.378165,-1.59810036,-0.0445676808,0.03791046,0.03791046,4.68546086,787,32.3374081,0.3
85860.388192,-1.63191993,-0.0794612679,0.0354197757,0.0354197757,4.70166738,787,32.6405791,0.3
85860.398220,-1.693766,-0.140897271,0.0377663065,0.0377663065,4.71838139,787,31.6963588,0.3
85860.408247,-1.76661058,-0.171555872,0.0387953276,0.0387953276,4.73580098,787,28.7747598,0.3
85860.418275,-1.84233372,-0.187193649,0.0398627376,0.0398627376,4.75398546,787,25.8590242,0.3
85860.428302,-1.85343325,-0.177740779,0.050931551,0.050931551,4.77260437,785,7.36794038,0.3
85860.438330,-1.98253821,-0.121990026,0.0406352684,0.0406352684,4.79189937,787,27.2430308,0.3
85860.448358,-2.03058815,-0.104719601,0.0404444475,0.0404444475,4.81205352,787,25.0099582,0.3
85860.458385,-2.01582956,-0.113303409,0.0412620564,0.0412620564,4.83236971,787,22.9107831,0.3
85860.468413,-1.9865417,-0.0894274795,0.042403189,0.042403189,4.85246364,787,20.7436957,0.3
85860.478440,-1.96720384,-0.0689853398,0.0423097096,0.0423097096,4.87230189,787,21.4072203,0.3
85860.488468,-1.95519659,-0.0256484348,0.0386283536,0.0386283536,4.89197572,787,21.1416536,0.3
85860.498496,-1.95780041,0.0305220332,0.0420366213,0.0420366213,4.91159752,787,20.2476127,0.3
85860.508523,-1.96625891,0.0769041281,0.0410348607,0.0410348607,4.93127952,787,24.0654505,0.3
85860.518551,-1.96249256,0.104100076,0.0415763677,0.0415763677,4.95099965,787,22.434864,0.3
85860.528578,-1.96129435,0.109449773,0.0495669248,0.0495669248,4.97070069,787,8.39716097,0.3
85860.538606,-1.92882451,0.132091712,0.0436114017,0.0436114017,4.9902437,787,21.2719329,0.3
85860.548633,-1.89573664,0.101502056,0.0404138382,0.0404138382,5.0094544,787,26.0848949,0.3
85860.558661,-1.87871282,0.0792800295,0.0403090127,0.0403090127,5.02840149,787,25.2797966,0.3
85860.568688,-1.85536136,0.0270825915,0.0404394637,0.0404394637,5.04713164,787,24.8932775,0.3
85860.578716,-1.84147419,-0.0306613676,0.0402116278,0.0402116278,5.06566984,787,25.5484278,0.3
85860.588744,-1.80659063,-0.11363104,0.0381352334,0.0381352334,5.08398042,787,23.8842341,0.3
85860.598771,-1.77512724,-0.158977684,0.0392927092,0.0392927092,5.10199088,787,27.2923503,0.3
85860.608799,-1.76755669,-0.164411842,0.0504865479,0.0504865479,5.11982778,787,27.2923503,0.3
85860.618826,-1.77183807,-0.180096923,0.0527624366,0.0527624366,5.13765656,787,10.4265584,0.3
85860.628854,-1.79297075,-0.20377965,0.0457295588,0.0457295588,5.15563416,787,18.9483671,0.3
85860.638881,-1.81153877,-0.230840512,0.0401274114,0.0401274114,5.17383668,787,21.2614683,0.3
85860.648909,-1.81663112,-0.279903587,0.0405216007,0.0405216007,5.19220926,787,24.6107546,0.3
85860.658937,-1.83736525,-0.319019144,0.0395575882,0.0395575882,5.21077572,787,27.409997,0.3
85860.668964,-1.84133353,-0.341333853,0.0414368129,0.0414368129,5.22951396,787,22.1041576,0.3
85860.678992,-1.84658093,-0.355750444,0.0439908157,0.0439908157,5.24833271,787,17.7422406,0.3
85860.689019,-1.8412489,-0.379930661,0.0380616114,0.0380616114,5.26718636,787,24.8686957,0.3
85860.699047,-1.87072031,-0.437348896,0.039261403,0.039261403,5.28624558,787,27.3641363,0.3
85860.709074,-1.87927128,-0.435459611,0.0504611268,0.0504611268,5.3055487,785,5.77866249,0.3
85860.719102,-1.88776144,-0.427889759,0.0596015813,0.0596015813,5.32492636,785,5.77866249,0.3
85860.729130,-1.82554106,-0.438199356,0.0418904292,0.0418904292,5.34404496,787,25.9305349,0.3
85860.739157,-1.82005903,-0.35375644,0.0374998948,0.0374998948,5.36275292,787,24.5787384,0.3
85860.749185,-1.82361889,-0.294080247,0.0388734155,0.0388734155,5.38131123,787,28.3997726,0.3
85860.759212,-1.82558642,-0.250838769,0.0394788007,0.0394788007,5.39981063,787,27.0213338,0.3
85860.769240,-1.83485511,-0.233767136,0.0410215638,0.0410215638,5.41832445,787,23.0722531,0.3
85860.779267,-1.83029013,-0.237952259,0.0419715971,0.0419715971,5.43685124,787,21.5515211,0.3
85860.789295,-1.8151758,-0.239413561,0.0412956824,0.0412956824,5.45528566,787,23.4379003,0.3
85860.799323,-1.82135819,-0.249568383,0.0453965465,0.0453965465,5.47368339,787,15.183381,0.3
85860.809350,-1.83566907,-0.268084812,0.0402715389,0.0402715389,5.49220085,787,26.9292041,0.3
85860.819378,-1.84582973,-0.253809957,0.041647509,0.041647509,5.5108446,787,21.945031,0.3
85860.829405,-1.86664336,-0.268645838,0.0414260454,0.0414260454,5.52964059,787,23.0156293,0.3
85860.839433,-1.8705562,-0.313081938,0.0371977625,0.0371977625,5.5486058,787,24.8065119,0.3
85860.849461,-1.86225205,-0.351141113,0.0392888453,0.0392888453,5.5676171,787,26.8940831,0.3
85860.859488,-1.89423808,-0.373636738,0.0399700664,0.0399700664,5.58679777,787,25.7549555,0.3
85860.869516,-1.91445847,-0.373040943,0.040223589,0.040223589,5.60625811,787,25.3350417,0.3
85860.879543,-1.92279198,-0.363227705,0.0467814808,0.0467814808,5.62584718,787,12.0413506,0.3
85860.889571,-1.93066291,-0.355624796,0.0455000628,0.0455000628,5.64550177,787,17.5524085,0.3
85860.899598,-1.93172176,-0.36266424,0.0431539725,0.0431539725,5.66519787,787,20.8975593,0.3
85860.909626,-1.97050812,-0.359635545,0.0407239508,0.0407239508,5.68509607,787,25.1860456,0.3
85860.919654,-1.99239841,-0.343942373,0.0416859275,0.0416859275,5.70527704,787,22.0569911,0.3
85860.929681,-2.03451389,-0.323513947,0.0422599507,0.0422599507,5.72574186,787,21.2197774,0.3
85860.939709,-2.05810497,-0.294999316,0.0367124827,0.0367124827,5.74649588,787,27.1057803,0.3
85860.949736,-2.060142,-0.2679114,0.0393296917,0.0393296917,5.76733514,787,26.5277751,0.3
85860.959764,-2.05511238,-0.228056386,0.0402046948,0.0402046948,5.78811925,787,25.1242069,0.3
85860.969791,-2.02948467,-0.20901529,0.0417813746,0.0417813746,5.80871444,787,21.6092919,0.3
85860.979819,-2.0191995,-0.203970557,0.0496974489,0.0496974489,5.82911989,787,8.38127955,0.3
85860.989847,-1.929692,-0.180578128,0.0397835449,0.0397835449,5.84901343,787,29.0964125,0.3
85860.999874,-1.85064482,-0.172341197,0.0390665207,0.0390665207,5.86804856,787,28.6476587,0.3
85861.009902,-1.74556269,-0.191835786,0.040800166,0.040800166,5.88617279,787,23.439468,0.3
85861.019929,-1.67435206,-0.20762083,0.0435276554,0.0435276554,5.90343551,787,18.2818642,0.3
85861.029957,-1.56457205,-0.224845824,0.0408452273,0.0408452273,5.91982037,849,29.5974087,0.3
85861.039984,-1.54256566,-0.225279834,0.0517038629,0.0517038629,5.93556063,849,27.0515661,0.3
85861.050012,-1.52163248,-0.225365162,0.0606579954,0.0606579954,5.95108979,849,29.2288277,0.3
85861.060040,-1.50181966,-0.224780012,0.0684583314,0.0684583314,5.96641648,849,18.7904485,0.3
85861.070067,-1.48819587,-0.22323337,0.0754628536,0.0754628536,5.98157427,849,18.7904485,0.3
85861.080095,-1.47971085,-0.222714026,0.0818772438,0.0818772438,5.9966224,849,43.2838331,0.3
85861.090122,-1.47562858,-0.22416086,0.087829704,0.087829704,6.01160742,849,38.4485119,0.3
85861.100150,-1.21761471,-0.150424851,0.0380151177,0.0380151177,6.02524264,787,36.9737832,0.3
85861.110178,-1.25341771,-0.130685746,0.0387754466,0.0387754466,6.03771288,787,28.9468137,0.3
85861.120205,-1.2933465,-0.176226241,0.0391682943,0.0391682943,6.05057506,787,27.9465737,0.3
85861.130233,-1.31775266,-0.22400376,0.0346528054,0.0346528054,6.06382181,787,38.9123657,0.3
85861.140260,-1.32507206,-0.227172462,0.0469604449,0.0469604449,6.07726331,787,38.9123657,0.3
85861.150288,-1.30672121,-0.255602319,0.0445456371,0.0445456371,6.09068022,787,19.0489522,0.3
85861.160315,-1.29285782,-0.273221036,0.0379738702,0.0379738702,6.10398052,787,33.7270258,0.3
85861.170343,-1.32791147,-0.267206236,0.0381863275,0.0381863275,6.11739769,787,31.0580641,0.3
85861.180371,-1.37170426,-0.308586283,0.0350064356,0.0350064356,6.13123892,787,35.4861565,0.3
85861.190398,-1.42730796,-0.341115852,0.0370981604,0.0370981604,6.14564516,787,34.5700473,0.3
85861.200426,-1.50088916,-0.357082787,0.036815823,0.036815823,6.16073873,787,36.8047996,0.3
85861.210453,-1.56046089,-0.289660063,0.0377036564,0.0377036564,6.17643048,787,32.5457438,0.3
85861.220481,-1.61317037,-0.208974014,0.0376803173,0.0376803173,6.19254431,787,32.985499,0.3
85861.230509,-1.62464285,-0.199788497,0.0492403289,0.0492403289,6.20890765,849,11.3498532,0.3
85861.240536,-1.62555005,-0.20067979,0.0585695282,0.0585695282,6.22532572,849,27.933435,0.3
85861.250564,-1.65773699,-0.120269303,0.0398541348,0.0398541348,6.24187184,787,30.1418525,0.3
85861.260591,-1.66475408,-0.152549147,0.0373647512,0.0373647512,6.25858597,787,35.0375463,0.3
85861.270619,-1.69333232,-0.177211098,0.0384399031,0.0384399031,6.27550475,787,29.8714361,0.3
85861.280646,-1.73672753,-0.193797189,0.0364113013,0.0364113013,6.29280176,787,27.589738,0.3
85861.290674,-1.81272405,-0.239794268,0.0384735475,0.0384735475,6.31073194,787,29.3368307,0.3
85861.300702,-1.83714823,-0.29474887,0.0386454193,0.0386454193,6.32922937,787,29.5750936,0.3
85861.310729,-1.85237212,-0.302667271,0.0476851329,0.0476851329,6.34796773,787,8.69844319,0.3
85861.320757,-1.8504439,-0.297442033,0.0572672828,0.0572672828,6.36677591,787,8.69844319,0.3
85861.330784,-1.84996575,-0.321312932,0.037631547,0.037631547,6.38558585,787,25.0982355,0.3
85861.340812,-1.80782697,-0.295653955,0.0387867778,0.0387867778,6.40418532,787,28.7505233,0.3
85861.350839,-1.77913363,-0.269673761,0.0398785817,0.0398785817,6.42239083,787,25.8041107,0.3
85861.360867,-1.74806549,-0.241476037,0.0406401651,0.0406401651,6.44026133,787,24.2026659,0.3
85861.370895,-1.71643007,-0.213774727,0.0390146194,0.0390146194,6.45778204,787,29.1088369,0.3
85861.380922,-1.66603194,-0.17818396,0.0357970047,0.0357970047,6.47485413,787,30.4099508,0.3
85861.390950,-1.655411,-0.183297666,0.0393487994,0.0393487994,6.49160621,787,26.0006907,0.3
85861.400977,-1.66472027,-0.148749718,0.0399070266,0.0399070266,6.50833566,787,25.9554772,0.3
85861.411005,-1.67949838,-0.12937434,0.046900952,0.046900952,6.52516178,787,11.5595945,0.3
85861.421033,-1.68252186,-0.116812144,0.0566150045,0.0566150045,6.5420642,787,11.5595945,0.3
85861.431060,-1.73853077,-0.101883575,0.0373344897,0.0373344897,6.55925091,787,26.3412812,0.3
85861.441088,-1.73439157,-0.0635514653,0.0386882425,0.0386882425,6.57668493,787,28.967509,0.3
85861.451115,-1.74453103,-0.0446827281,0.041071272,0.041071272,6.59413522,787,22.5731039,0.3
85861.461143,-1.74201329,-0.0068743738,0.0413299961,0.0413299961,6.61161969,787,23.0111134,0.3
85861.471171,-1.73676493,0.0374397266,0.0382988374,0.0382988374,6.62906437,787,31.7422318,0.3
85861.481198,-1.72710887,0.0866148257,0.0353102217,0.0353102217,6.64644341,787,34.5607288,0.3
85861.491226,-1.72754035,0.0907015212,0.0474488112,0.0474488112,6.66378783,787,34.5607288,0.3
85861.501253,-1.73906444,0.0870152591,0.0496272182,0.0496272182,6.68119049,787,12.435343,0.3
85861.511281,-1.75297971,0.0722678761,0.0397980485,0.0397980485,6.69871798,787,29.045042,0.3
85861.521308,-1.73110454,0.0694815147,0.0411788755,0.0411788755,6.71619989,787,22.8269369,0.3
85861.531336,-1.64424159,0.065992067,0.0369433609,0.0369433609,6.7331375,787,25.1164663,0.3
85861.541364,-1.60387057,0.0496746957,0.038735362,0.038735362,6.74943403,787,28.6321949,0.3
85861.551391,-1.59374182,0.0406086932,0.0379830371,0.0379830371,6.7654717,787,32.1113333,0.3
85861.561419,-1.60436731,0.0315014626,0.0366293227,0.0366293227,6.78151117,787,38.0734338,0.3
85861.571446,-1.63346452,0.020186578,0.0378514059,0.0378514059,6.79774621,787,31.852025,0.3
85861.581474,-1.66112691,0.0191438813,0.043753894,0.043753894,6.81426647,787,16.0146104,0.3
85861.591502,-1.73298235,0.0216858857,0.0403406032,0.0403406032,6.83128577,787,26.3112816,0.3
85861.601529,-1.79494474,0.011091366,0.039654199,0.039654199,6.84897388,787,27.0584194,0.3
85861.611557,-1.80659422,0.00580709065,0.0401648286,0.0401648286,6.86703222,787,25.3653522,0.3
85861.621584,-1.82168312,0.00301970114,0.0405821273,0.0405821273,6.88522265,787,24.4650054,0.3
85861.631612,-1.8412705,0.0214843894,0.037292314,0.037292314,6.90358934,787,25.4103537,0.3
85861.641640,-1.82337331,0.0513181732,0.0421282766,0.0421282766,6.92196811,787,19.2410094,0.3
85861.651667,-1.78015025,0.0878007785,0.041576901,0.041576901,6.94004884,787,22.858722,0.3
85861.661695,-1.76393709,0.10588915,0.048913038,0.048913038,6.95784567,787,9.53609449,0.3
85861.671722,-1.76217765,0.11393195,0.0582933217,0.0582933217,6.97555821,787,9.53609449,0.3
85861.681750,-1.71762872,0.158370533,0.0368047126,0.0368047126,6.99306094,787,27.3584331,0.3
85861.691778,-1.75353462,0.159384403,0.0391896125,0.0391896125,7.01053813,787,27.0291267,0.3
85861.701805,-1.79699298,0.161269742,0.0378449276,0.0378449276,7.02841114,787,32.8102294,0.3
85861.711833,-1.83867685,0.162422629,0.0404466061,0.0404466061,7.0467125,787,23.7870808,0.3
85861.721860,-1.86042653,0.166257786,0.0425947301,0.0425947301,7.06533103,787,19.965557,0.3
85861.731888,-1.9054217,0.155958583,0.0388154809,0.0388154809,7.08428211,787,19.4738136,0.3
85861.741915,-1.91564524,0.158724817,0.0415243158,0.0415243158,7.10350389,787,21.5332685,0.3
85861.751943,-1.90657065,0.174205468,0.0419205276,0.0419205276,7.12274122,787,21.8736456,0.3
85861.761971,-1.9119134,0.187504883,0.049082084,0.049082084,7.14197291,787,9.5677599,0.3
85861.771998,-1.93118653,0.217059969,0.0436621158,0.0436621158,7.16134724,787,21.0631374,0.3
85861.782026,-1.95897246,0.217252566,0.0418370361,0.0418370361,7.18097369,787,22.8443818,0.3
85861.792053,-1.97109516,0.204091673,0.0426994307,0.0426994307,7.20079012,787,20.3860355,0.3
85861.802081,-1.9890099,0.175189303,0.0410348047,0.0410348047,7.22073754,787,24.2967563,0.3
85861.812109,-1.99523927,0.169005492,0.0410616669,0.0410616669,7.240789,787,23.626971,0.3
85861.822136,-1.96883748,0.155725551,0.0383184023,0.0383184023,7.26072954,787,22.5609143,0.3
85861.832164,-1.95204285,0.151270203,0.0402982313,0.0402982313,7.28044901,787,24.4200381,0.3
85861.842191,-1.950131,0.155608419,0.0512715651,0.0512715651,7.30007298,787,24.4200381,0.3
85861.852219,-1.93864263,0.162227696,0.0531613693,0.0531613693,7.31963634,787,10.3920074,0.3
85861.862247,-1.90414504,0.195443522,0.040344104,0.040344104,7.33898821,787,28.2778853,0.3
85861.872274,-1.92344198,0.205039206,0.0358479721,0.0358479721,7.35828261,787,26.3036465,0.3
85861.882302,-1.95507373,0.199566132,0.0405065341,0.0405065341,7.37783507,787,22.5151591,0.3
85861.892329,-1.98070224,0.165992908,0.0419745339,0.0419745339,7.39765283,787,21.3160518,0.3
85861.902357,-2.01855153,0.137498348,0.0399022773,0.0399022773,7.41776335,787,26.9187367,0.3
85861.912385,-2.02808923,0.114222197,0.0395569045,0.0395569045,7.43809278,787,27.1860598,0.3
85861.922412,-2.01853655,0.0889976858,0.0416804232,0.0416804232,7.45840648,787,21.5342118,0.3
85861.932440,-2.01414047,0.0816158146,0.0523668483,0.0523668483,7.47864444,785,5.2278428,0.3
85861.942467,-1.97437753,0.0526067855,0.0430729987,0.0430729987,7.49865268,787,22.769832,0.3
85861.952495,-1.96336863,0.0233946062,0.0432498323,0.0432498323,7.51840075,787,19.8428791,0.3
85861.962523,-1.97016661,-0.0145908204,0.0413760765,0.0413760765,7.53812446,787,23.7031993,0.3
85861.972550,-2.01053797,-0.0606975578,0.0379404261,0.0379404261,7.55808659,787,21.9836518,0.3
85861.982578,-2.06106552,-0.0869827875,0.0403810456,0.0403810456,7.5785154,787,24.0127669,0.3
85861.992605,-2.06517399,-0.0860155164,0.0513367155,0.0513367155,7.59922048,787,24.0127669,0.3
85862.002633,-2.07321096,-0.0807021588,0.0603438348,0.0603438348,7.61998719,785,6.81919763,0.3
85862.012661,-2.19074658,-0.117071451,0.0437039976,0.0437039976,7.64139022,787,23.0383607,0.3
85862.022688,-2.2010839,-0.131353052,0.0393773647,0.0393773647,7.66344396,787,18.9760871,0.3
85862.032716,-2.19646612,-0.104951306,0.0423223821,0.0423223821,7.68552548,787,20.0090203,0.3
85862.042743,-2.15578738,-0.0655796431,0.0420174848,0.0420174848,7.70736307,787,21.9803373,0.3
85862.052771,-2.12395052,-0.0420477722,0.0423632724,0.0423632724,7.72882876,787,21.1436727,0.3
85862.062799,-2.09117937,-0.028280936,0.0412840047,0.0412840047,7.74996647,787,23.6050509,0.3
85862.072826,-1.99497681,-0.0392743237,0.0379782279,0.0379782279,7.77045531,787,24.7355406,0.3
85862.082854,-1.95013565,-0.0612851461,0.0436422555,0.0436422555,7.79024287,787,16.3413506,0.3
85862.092881,-1.94302681,-0.0681858966,0.0539421485,0.0539421485,7.80977206,785,6.87071502,0.3
85862.102909,-1.93950482,-0.0732249599,0.0625777323,0.0625777323,7.829252,785,6.87071502,0.3
85862.112937,-1.88204276,-0.146901865,0.0408508694,0.0408508694,7.84844887,787,28.2704232,0.3
85862.122964,-1.86808957,-0.13804286,0.0365386063,0.0365386063,7.86730439,787,29.8704924,0.3
85862.132992,-1.85511288,-0.145727591,0.0391727498,0.0391727498,7.88602672,787,26.9559503,0.3
85862.143019,-1.85736337,-0.140128647,0.0389668696,0.0389668696,7.90469434,787,28.7461482,0.3
85862.153047,-1.83263833,-0.153772461,0.0415529699,0.0415529699,7.92325476,787,21.5440966,0.3
85862.163075,-1.80742619,-0.184179135,0.0415972546,0.0415972546,7.94158527,787,22.5940542,0.3
85862.173102,-1.75931809,-0.209877838,0.0373566014,0.0373566014,7.9595766,787,27.4081727,0.3
85862.183130,-1.69305472,-0.251039667,0.0391459405,0.0391459405,7.97704216,787,27.4254518,0.3
85862.193157,-1.66696581,-0.275202041,0.0447391777,0.0447391777,7.99409355,787,14.967036,0.3
85862.203185,-1.66692975,-0.283872927,0.0548348087,0.0548348087,8.01104317,787,14.967036,0.3
85862.213213,-1.64757992,-0.342321245,0.0413377354,0.0413377354,8.02795887,787,26.3663084,0.3
85862.223240,-1.70652396,-0.378285275,0.0368602495,0.0368602495,8.04515876,787,28.4358115,0.3
85862.233268,-1.75461422,-0.369115466,0.039159032,0.039159032,8.06291317,787,27.1546629,0.3
85862.243295,-1.80703784,-0.35913139,0.0391878024,0.0391878024,8.08113924,787,28.0306496,0.3
85862.253323,-1.80704157,-0.342744997,0.0393374928,0.0393374928,8.09959898,787,27.5783136,0.3
85862.263351,-1.81901096,-0.334760767,0.0395907542,0.0395907542,8.11809471,787,26.8702309,0.3
85862.273378,-1.8407657,-0.3227504,0.0355579656,0.0355579656,8.13673693,787,29.376406,0.3
85862.283406,-1.8466978,-0.310745805,0.0414662636,0.0414662636,8.15549684,787,19.7065682,0.3
85862.293433,-1.84261623,-0.306381449,0.0480421504,0.0480421504,8.17425021,787,10.8969422,0.3
85862.303461,-1.83672856,-0.299728143,0.0575638929,0.0575638929,8.1929471,787,10.8969422,0.3
85862.313489,-1.78573635,-0.294968709,0.0391627638,0.0391627638,8.21135329,787,31.8529034,0.3
85862.323516,-1.75632447,-0.282086003,0.0358518937,0.0358518937,8.22934557,787,28.7724854,0.3
85862.333544,-1.71682787,-0.266631575,0.038504192,0.038504192,8.24697601,787,28.9609436,0.3
85862.343571,-1.64814457,-0.242570285,0.0381636034,0.0381636034,8.2640385,787,31.3317415,0.3
85862.353599,-1.61857164,-0.208342724,0.0378230237,0.0378230237,8.28057379,787,32.5556627,0.3
85862.363627,-1.59796902,-0.183092961,0.0396067668,0.0396067668,8.2968209,787,26.1855126,0.3
85862.373654,-1.58070865,-0.140965913,0.0389779283,0.0389779283,8.31284107,787,28.8676495,0.3
85862.383682,-1.56993734,-0.115404794,0.0443851514,0.0443851514,8.3286911,787,15.5374609,0.3
85862.393710,-1.57728125,-0.060646601,0.0396410674,0.0396410674,8.34449834,787,28.3329607,0.3
85862.403737,-1.62099838,0.00436436948,0.0374014966,0.0374014966,8.36053879,787,34.8104263,0.3
85862.413765,-1.66129127,0.056197626,0.0371771213,0.0371771213,8.37700098,787,35.1206814,0.3
85862.423792,-1.72976061,0.119182145,0.035921192,0.035921192,8.39402735,787,25.5610803,0.3
85862.433820,-1.75584173,0.171188772,0.0415893828,0.0415893828,8.41156646,787,19.645122,0.3
85862.443848,-1.79642562,0.238247602,0.038304875,0.038304875,8.42949814,787,31.7916762,0.3
85862.453875,-1.82077373,0.238898039,0.0369637262,0.0369637262,8.44779007,787,36.4414569,0.3
85862.463903,-1.82041777,0.242704929,0.0459663774,0.0459663774,8.46620602,787,10.4365281,0.3
85862.473930,-1.8236703,0.244244835,0.0395217668,0.0395217668,8.48463805,787,29.0440466,0.3
85862.483958,-1.82950134,0.234580014,0.0402068709,0.0402068709,8.50311179,787,25.1952049,0.3
85862.493986,-1.8294765,0.239798063,0.0401796344,0.0401796344,8.52161147,787,25.541849,0.3
85862.504013,-1.80020992,0.260214534,0.038981049,0.038981049,8.53998115,787,29.0564647,0.3
85862.514041,-1.78321415,0.275080128,0.0378777628,0.0378777628,8.55814801,787,23.1328107,0.3
85862.524068,-1.78587804,0.261511785,0.0403247934,0.0403247934,8.57624288,787,24.1322659,0.3
85862.534096,-1.77231564,0.237031803,0.0402276882,0.0402276882,8.59425828,787,25.4579551,0.3
85862.544124,-1.7556557,0.210390066,0.0393259301,0.0393259301,8.61208963,787,27.9957734,0.3
85862.554151,-1.75654571,0.179298919,0.0391987052,0.0391987052,8.62980679,787,28.0586249,0.3
85862.564179,-1.74831003,0.168148982,0.0468502352,0.0468502352,8.64746635,787,11.0030617,0.3
85862.574206,-1.72255609,0.138164678,0.038363599,0.038363599,8.66493572,787,32.7959419,0.3
85862.584234,-1.68097503,0.140382998,0.0381498261,0.0381498261,8.6820581,787,31.3378296,0.3
85862.594262,-1.65747333,0.129381488,0.0384929495,0.0384929495,8.69885171,787,29.9880462,0.3
85862.604289,-1.60869641,0.147888511,0.0383742407,0.0383742407,8.71528593,787,30.5422321,0.3
85862.614317,-1.58748704,0.181644921,0.0358944919,0.0358944919,8.73139755,787,30.1744423,0.3
85862.624345,-1.59532929,0.191331244,0.0478846774,0.0478846774,8.74746545,787,30.1744423,0.3
85862.634372,-1.59623207,0.228197721,0.0449714914,0.0449714914,8.76360502,787,18.6923366,0.3
85862.644400,-1.61333668,0.291284335,0.0393632064,0.0393632064,8.77990996,787,29.2655386,0.3
85862.654427,-1.62004036,0.328824333,0.0382402757,0.0382402757,8.79641689,787,31.3407814,0.3
85862.664455,-1.61114464,0.333919705,0.0350645023,0.0350645023,8.81295536,787,36.4280057,0.3
85862.674483,-1.60141744,0.324392952,0.0381399424,0.0381399424,8.82939791,787,29.979234,0.3
85862.684510,-1.58860141,0.305594354,0.0387105631,0.0387105631,8.84570016,787,29.212465,0.3
85862.694538,-1.5834401,0.282870587,0.0383420205,0.0383420205,8.8618765,787,30.7438805,0.3
85862.704565,-1.58702167,0.25480716,0.039497061,0.039497061,8.87799919,787,26.7416435,0.3
85862.714593,-1.59498475,0.232687392,0.0438430215,0.0438430215,8.89414034,787,16.9375408,0.3
85862.724621,-1.62040413,0.190550892,0.0391702341,0.0391702341,8.91040293,787,29.5536923,0.3
85862.734648,-1.6714371,0.220123669,0.0388925629,0.0388925629,8.92703492,787,28.9885262,0.3
85862.744676,-1.73005112,0.211067312,0.0387952007,0.0387952007,8.94422666,787,29.2157896,0.3
85862.754704,-1.79510598,0.203911418,0.0405533547,0.0405533547,8.962024,787,23.952235,0.3
85862.764731,-1.89461136,0.175339924,0.036820739,0.036820739,8.98062086,787,29.913341,0.3
85862.774759,-1.90605396,0.168654402,0.0485833845,0.0485833845,8.99975533,787,29.913341,0.3
85862.784786,-1.91299445,0.16383986,0.0580153716,0.0580153716,9.01897458,785,7.58408949,0.3
85862.794814,-1.948677,0.128221249,0.0424946741,0.0424946741,9.03839324,787,24.6597629,0.3
85862.804842,-1.9557945,0.11133314,0.0439139732,0.0439139732,9.05800727,787,18.3853551,0.3
85862.814869,-1.96127206,0.0910595032,0.0393796028,0.0393796028,9.07767195,787,20.0740985,0.3
85862.824897,-1.93838764,0.0936461221,0.041929026,0.041929026,9.09724677,787,20.881931,0.3
85862.834924,-1.88160435,0.112139852,0.0406598673,0.0406598673,9.11642637,787,24.9288081,0.3
85862.844952,-1.84772935,0.115122375,0.0392002518,0.0392002518,9.13515996,787,28.5292055,0.3
85862.854980,-1.82526903,0.126365272,0.0406166381,0.0406166381,9.15361624,787,23.9688305,0.3
85862.865007,-1.80448136,0.112664646,0.0461773757,0.0461773757,9.17185351,787,13.3933086,0.3
85862.875035,-1.76573244,0.0713874688,0.0412904216,0.0412904216,9.18977942,787,24.7569279,0.3
85862.885063,-1.74753959,0.0535156977,0.0402555076,0.0402555076,9.2074063,787,25.7390087,0.3
85862.895090,-1.72267491,0.0225786739,0.0388278119,0.0388278119,9.22480907,787,29.5813987,0.3
85862.905118,-1.70529805,-0.0100043461,0.0386127287,0.0386127287,9.24199782,787,29.818177,0.3
85862.915145,-1.6762927,-0.0427280869,0.0367539887,0.0367539887,9.2589543,787,23.6773718,0.3
85862.925173,-1.66618472,-0.0418037653,0.0485329389,0.0485329389,9.27571884,787,23.6773718,0.3
85862.935201,-1.64065985,-0.0548519317,0.0511297945,0.0511297945,9.29230658,787,11.2228428,0.3
85862.945228,-1.58606725,-0.0773183519,0.0448952367,0.0448952367,9.30849782,787,19.6969401,0.3
85862.955256,-1.5356819,-0.0771097361,0.0382707252,0.0382707252,9.32416941,787,32.7262839,0.3
85862.965284,-1.46867963,-0.0457280899,0.0352674625,0.0352674625,9.33924655,787,34.3767078,0.3
85862.975311,-1.41115496,-0.0250245657,0.0379488488,0.0379488488,9.35368928,787,30.8479668,0.3
85862.985339,-1.3731217,-0.0181540767,0.037845832,0.037845832,9.36765136,787,32.3845203,0.3
85862.995366,-1.35240762,-0.0239492458,0.0375896084,0.0375896084,9.38131747,787,33.4124118,0.3
85863.005394,-1.36813485,-0.0290690301,0.0374496707,0.0374496707,9.39496088,787,33.937973,0.3
85863.015422,-1.36705935,-0.0521822798,0.0403266651,0.0403266651,9.40868168,787,23.9163105,0.3
85863.025449,-1.36290539,-0.0854579449,0.0376819725,0.0376819725,9.42238677,787,33.8168696,0.3
85863.035477,-1.34754732,-0.0795591231,0.0370093256,0.0370093256,9.43600217,787,36.0218742,0.3
85863.045504,-1.29966038,-0.0318749507,0.0372926421,0.0372926421,9.44928767,787,34.4331008,0.3
85863.055532,-1.26382272,0.0236739295,0.0372149049,0.0372149049,9.46214404,787,34.9035936,0.3
85863.065560,-1.2091986,0.0933742768,0.0347683641,0.0347683641,9.47456293,787,38.3206328,0.3
85863.075587,-1.13380571,0.141309078,0.0366979199,0.0366979199,9.48637161,787,36.5416258,0.3
85863.085615,-1.06804051,0.144840681,0.0363990168,0.0363990168,9.49750467,787,38.9456471,0.3
85863.095643,-1.01169602,0.12910999,0.0390098112,0.0390098112,9.50802263,787,27.4321941,0.3
85863.105670,-0.992804262,0.11500191,0.0502635626,0.0502635626,9.51814661,787,27.4321941,0.3
85863.115698,-0.929696678,0.0244922623,0.03412617,0.03412617,9.52782093,787,42.6839295,0.3
85863.125725,-0.884650478,-0.0276742514,0.035936019,0.035936019,9.53692094,787,40.9027973,0.3
85863.135753,-0.867455183,-0.0841312876,0.035620889,0.035620889,9.54572858,787,43.7783344,0.3
85863.145781,-0.848460059,-0.127861827,0.036284711,0.036284711,9.55440062,787,39.2459722,0.3
85863.155808,-0.817648922,-0.142829282,0.0357996719,0.0357996719,9.56286376,787,42.5974099,0.3
85863.165836,-0.779368164,-0.176177351,0.033912468,0.033912468,9.57103188,787,45.9079977,0.3
85863.175864,-0.73699892,-0.178193245,0.0353168478,0.0353168478,9.57884002,787,45.4844651,0.3
85863.185891,-0.702593437,-0.148663393,0.03502801,0.03502801,9.58624188,787,48.4705749,0.3
85863.195919,-0.666158456,-0.125260627,0.0370120362,0.0370120362,9.59324133,787,35.0101751,0.3
85863.205946,-0.643077639,-0.0991027575,0.0356460119,0.0356460119,9.59990177,787,43.9077374,0.3
85863.215974,-0.63159581,-0.0711960695,0.0359113875,0.0359113875,9.60635111,787,41.6341886,0.3
85863.226002,-0.664023484,-0.0504107957,0.0355202427,0.0355202427,9.61287698,787,44.5273765,0.3
85863.236029,-0.671503546,-0.0277218754,0.0356938164,0.0356938164,9.61958509,787,43.1004298,0.3
85863.246057,-0.684401315,-0.0142714047,0.0355274266,0.0355274266,9.62638721,787,44.4039312,0.3
85863.256085,-0.707102221,-0.0149082297,0.0340866644,0.0340866644,9.63336574,787,42.7144703,0.3
85863.266112,-0.715130335,-0.0271501607,0.0360274109,0.0360274109,9.64049948,787,40.2758114,0.3
85863.276140,-0.725506835,-0.029616481,0.0479839895,0.0479839895,9.64772845,787,40.2758114,0.3
85863.286168,-0.760932091,-0.0184091643,0.0391505969,0.0391505969,9.6551856,787,30.5263934,0.3
85863.296195,-0.817116661,-0.0130018084,0.0361880999,0.0361880999,9.66309878,787,40.9038444,0.3
85863.306223,-0.886922374,-0.0333156891,0.0338391255,0.0338391255,9.67164648,787,47.0980273,0.3
85863.316250,-0.942751407,-0.0602374106,0.0359327913,0.0359327913,9.68083233,787,40.8095111,0.3
85863.326278,-0.9682138,-0.0990366277,0.0369770469,0.0369770469,9.69044888,787,35.5534321,0.3
85863.336306,-0.984383294,-0.141881286,0.0368091031,0.0368091031,9.70031553,787,36.7920722,0.3
85863.346333,-0.972356163,-0.17383207,0.0364222716,0.0364222716,9.71025393,787,38.8378219,0.3
85863.356361,-0.974034142,-0.213117173,0.0359623707,0.0359623707,9.72020597,787,41.549094,0.3
85863.366389,-0.979039403,-0.225461452,0.0417253217,0.0417253217,9.7302427,787,19.3253978,0.3
85863.376416,-0.986828118,-0.245699823,0.0363773456,0.0363773456,9.74037809,787,40.4149834,0.3
85863.386444,-1.01087869,-0.255346156,0.0360124494,0.0360124494,9.75070485,787,41.2071855,0.3
85863.396471,-1.04527715,-0.240677836,0.0364757745,0.0364757745,9.76130969,787,38.2577427,0.3
85863.406499,-1.10068734,-0.237226891,0.0352560858,0.0352560858,9.77233342,787,33.7642735,0.3
85863.416527,-1.13511662,-0.213484203,0.0368355321,0.0368355321,9.78377025,787,36.0113082,0.3
85863.426554,-1.1703164,-0.180445678,0.0362228081,0.0362228081,9.79549764,787,40.0243747,0.3
85863.436582,-1.18098542,-0.14354274,0.0366441217,0.0366441217,9.80739999,787,37.4027531,0.3
85863.446610,-1.19169656,-0.108867856,0.0409998053,0.0409998053,9.81936508,787,21.6472506,0.3
85863.456637,-1.21907175,-0.0688370139,0.0379016889,0.0379016889,9.83148608,787,33.1274924,0.3
85863.466665,-1.23560411,-0.0244093913,0.0375603891,0.0375603891,9.84380477,787,33.5622947,0.3
85863.476693,-1.25694928,0.0119536566,0.037082305,0.037082305,9.85630393,787,35.6252364,0.3
85863.486720,-1.27152376,0.0529041586,0.0377823971,0.0377823971,9.86898623,787,32.3139082,0.3
85863.496748,-1.28684217,0.0694822605,0.0406100804,0.0406100804,9.88182879,787,23.3116144,0.3
85863.506775,-1.32727916,0.0967804948,0.0370464901,0.0370464901,9.89496175,787,27.8073689,0.3
85863.516803,-1.37860664,0.100358697,0.0394739561,0.0394739561,9.90856502,787,26.2306603,0.3
85863.526831,-1.40248111,0.112666287,0.0425329172,0.0425329172,9.92255034,787,19.6025477,0.3
85863.536858,-1.40492107,0.111499126,0.0530460802,0.0530460802,9.93667005,787,19.6025477,0.3
85863.546886,-1.45778801,0.11159227,0.0401723337,0.0401723337,9.95106721,787,28.6662942,0.3
85863.556914,-1.49264809,0.132307887,0.0374269088,0.0374269088,9.96591142,787,26.0002942,0.3
85863.566941,-1.52775459,0.148294668,0.0409326705,0.0409326705,9.98111955,787,22.269175,0.3
85863.576969,-1.53946184,0.167130176,0.0419016325,0.0419016325,9.99657993,787,21.6638649,0.3
85863.586997,-1.57247479,0.162579257,0.0428367383,0.0428367383,10.0122706,787,20.1415154,0.3
85863.597024,-1.65133388,0.139159024,0.043085939,0.043085939,10.0285045,787,20.0500492,0.3
85863.607052,-1.70932981,0.140176405,0.0454168271,0.0454168271,10.045413,849,15.5405821,0.3
85863.617079,-1.71811837,0.142200092,0.05538747,0.05538747,10.0626547,849,17.9978623,0.3
85863.627107,-1.72384479,0.146182187,0.0638270097,0.0638270097,10.0799732,785,6.56547279,0.3
85863.637135,-1.72475071,0.152470281,0.0712806126,0.0712806126,10.0973292,785,6.56547279,0.3
85863.647162,-1.84405262,0.079041605,0.0571844939,0.0571844939,10.1152636,787,12.5149201,0.3
85863.657190,-1.80520442,0.0840292255,0.0422452754,0.0422452754,10.1335793,787,19.3427603,0.3
85863.667218,-1.74914182,0.103960434,0.0430766704,0.0430766704,10.151426,787,19.8232044,0.3
85863.677245,-1.73837668,0.132216982,0.0456144473,0.0456144473,10.1689514,787,15.798905,0.3
85863.687273,-1.76302272,0.175951844,0.0425010631,0.0425010631,10.1865765,787,22.1376553,0.3
85863.697301,-1.75208151,0.2011006,0.041295947,0.041295947,10.2043028,787,23.6239223,0.3
85863.707328,-1.73452819,0.239791654,0.0397347468,0.0397347468,10.2219233,787,19.2178069,0.3
85863.717356,-1.74097433,0.267366037,0.0418122419,0.0418122419,10.2395345,787,21.3186967,0.3
85863.727383,-1.73904723,0.264475389,0.0524692991,0.0524692991,10.2571842,785,6.30443505,0.3
85863.737411,-1.73461919,0.259550381,0.061309155,0.061309155,10.2747982,785,6.30443505,0.3
85863.747439,-1.6991589,0.264713222,0.0430343993,0.0430343993,10.2922148,787,24.176839,0.3
85863.757466,-1.63409297,0.232846779,0.0403092861,0.0403092861,10.3091115,787,18.911412,0.3
85863.767494,-1.62714562,0.232968962,0.0512795079,0.0512795079,10.3256294,849,17.8096004,0.3
85863.777522,-1.54163671,0.241786475,0.0470348115,0.0470348115,10.3416953,787,16.925093,0.3
85863.787549,-1.49245588,0.260622825,0.0448042076,0.0448042076,10.3571145,787,18.6702301,0.3
85863.797577,-1.46428757,0.289807509,0.0441443779,0.0441443779,10.3721952,787,18.9399253,0.3
85863.807605,-1.46738855,0.329913179,0.0390304893,0.0390304893,10.3872207,787,21.8612221,0.3
85863.817632,-1.49847281,0.35463735,0.0415961321,0.0415961321,10.4024812,787,21.4693193,0.3
85863.827660,-1.50912927,0.364648288,0.0482090485,0.0482090485,10.4179867,787,10.7282073,0.3
85863.837688,-1.51604438,0.360158371,0.0577021416,0.0577021416,10.4335842,787,10.7282073,0.3
85863.847715,-1.5644246,0.390024819,0.0427867975,0.0427867975,10.4494797,787,24.1219473,0.3
85863.857743,-1.5775649,0.379706659,0.0419160613,0.0419160613,10.4656997,787,16.1277623,0.3
85863.867770,-1.57668497,0.353216556,0.0429672142,0.0429672142,10.4819353,787,19.8900564,0.3
85863.877798,-1.56142994,0.326779973,0.0444996883,0.0444996883,10.4980354,787,17.5794795,0.3
85863.887826,-1.54146793,0.283543162,0.0423584449,0.0423584449,10.5138926,787,22.0607106,0.3
85863.897853,-1.52523973,0.245750123,0.0399506674,0.0399506674,10.5294958,787,18.0944449,0.3
85863.907881,-1.5207527,0.239386667,0.0509977883,0.0509977883,10.5449609,787,18.0944449,0.3
85863.917909,-1.51633116,0.234455728,0.0600533387,0.0600533387,10.5603731,785,7.81504133,0.3
85863.927936,-1.518828,0.198839592,0.0495093886,0.0495093886,10.5757452,787,16.2764217,0.3
85863.937964,-1.5202659,0.177855713,0.0441660942,0.0441660942,10.5911002,787,20.372948,0.3
85863.947992,-1.56542924,0.141978946,0.0392740603,0.0392740603,10.6066561,787,20.5034007,0.3
85863.958019,-1.59567558,0.110005819,0.0417902579,0.0417902579,10.6225555,787,21.1404303,0.3
85863.968047,-1.60042025,0.104682232,0.0447231681,0.0447231681,10.6386168,787,16.6164402,0.3
85863.978075,-1.61980311,0.0745150378,0.0458677556,0.0458677556,10.6547887,787,16.1881672,0.3
85863.988102,-1.62382069,0.0514067944,0.044408287,0.044408287,10.6710633,787,18.8920586,0.3
85863.998130,-1.64264773,0.034283848,0.0405317486,0.0405317486,10.6874473,787,19.5092262,0.3
85864.008157,-1.64213386,0.0303435788,0.0514535318,0.0514535318,10.7039187,787,19.5092262,0.3
85864.018185,-1.62288648,0.0156390194,0.0528468425,0.0528468425,10.7202913,787,10.7804634,0.3
85864.028213,-1.61449677,-0.0116006295,0.0423766813,0.0423766813,10.7365241,787,24.0647369,0.3
85864.038240,-1.60204151,-0.0201495002,0.042613509,0.042613509,10.7526511,787,20.7789803,0.3
85864.048268,-1.61273956,-0.0284811854,0.0378153792,0.0378153792,10.7687719,787,24.3855882,0.3
85864.058296,-1.61220247,-0.0228699759,0.0493411809,0.0493411809,10.7849438,849,21.1860031,0.3
85864.068323,-1.61202058,-0.0159566899,0.05865074,0.05865074,10.8011097,849,18.8516958,0.3
85864.078351,-1.6115012,-0.00850829755,0.0666803793,0.0666803793,10.8172729,849,15.9705132,0.3
85864.088379,-1.57825394,0.0699050744,0.0443176998,0.0443176998,10.8332742,787,22.8641332,0.3
85864.098406,-1.56955638,0.0850498238,0.0509162845,0.0509162845,10.8490751,787,8.78617038,0.3
85864.108434,-1.52453077,0.137706463,0.0428182205,0.0428182205,10.8646315,787,22.9079526,0.3
85864.118462,-1.52307274,0.157054473,0.0414839466,0.0414839466,10.8799838,787,23.3132366,0.3
85864.128489,-1.50598854,0.163827174,0.0418381998,0.0418381998,10.895255,787,22.0298456,0.3
85864.138517,-1.50836897,0.176897665,0.0415477277,0.0415477277,10.9104654,787,22.812768,0.3
85864.148545,-1.48134519,0.192364409,0.0383178754,0.0383178754,10.92557,787,21.3409184,0.3
85864.158572,-1.46924807,0.1931833,0.0411884002,0.0411884002,10.9404886,787,22.0911496,0.3
85864.168600,-1.45705231,0.200715399,0.0419828563,0.0419828563,10.9552935,787,21.5958335,0.3
85864.178628,-1.43329552,0.204707821,0.0467826475,0.0467826475,10.9699276,787,13.3152535,0.3
85864.188655,-1.42805529,0.204666183,0.0565131502,0.0565131502,10.984419,787,13.3152535,0.3
85864.198683,-1.39245159,0.217856074,0.040072536,0.040072536,10.9987192,787,20.4079481,0.3
85864.208710,-1.36638973,0.207853441,0.0418364411,0.0418364411,11.0127143,787,21.42008,0.3
85864.218738,-1.33691737,0.218585063,0.0433639176,0.0433639176,11.0264365,787,19.0948514,0.3
85864.228766,-1.33604947,0.223441758,0.0437888134,0.0437888134,11.0400208,787,18.9826024,0.3
85864.238793,-1.3168967,0.227322102,0.0429459294,0.0429459294,11.0535121,787,20.6814768,0.3
85864.248821,-1.29902326,0.207318383,0.0402346196,0.0402346196,11.0668084,787,20.4583365,0.3
85864.258849,-1.29458462,0.204992728,0.0512203706,0.0512203706,11.079976,787,20.4583365,0.3
85864.268876,-1.28594313,0.198897181,0.050404038,0.050404038,11.093071,787,13.1418847,0.3
85864.278904,-1.28204912,0.178204996,0.0430242451,0.0430242451,11.1060854,787,22.4416277,0.3
85864.288932,-1.27722558,0.168202934,0.0422187525,0.0422187525,11.1190347,787,21.8260203,0.3
85864.298959,-1.26758929,0.151339797,0.0391992143,0.0391992143,11.1318935,787,21.7041314,0.3
85864.308987,-1.27223981,0.125765692,0.0436467209,0.0436467209,11.1447045,787,17.1413858,0.3
85864.319015,-1.26851115,0.127811868,0.0539443245,0.0539443245,11.1575071,849,17.4129409,0.3
85864.329042,-1.26480423,0.131326321,0.0625758882,0.0625758882,11.1702742,849,16.4072541,0.3
85864.339070,-1.26058326,0.135118262,0.0701604673,0.0701604673,11.1830068,849,17.0590678,0.3
85864.349098,-1.16653381,0.172386933,0.0477167582,0.0477167582,11.195276,787,19.3113924,0.3
85864.359125,-1.16315444,0.174780549,0.0572893506,0.0572893506,11.2070849,787,19.3113924,0.3
85864.369153,-1.16016552,0.176368285,0.0654847053,0.0654847053,11.2188664,849,12.266457,0.3
85864.379181,-1.11021614,0.181007942,0.0460164105,0.0460164105,11.2303904,787,20.631,0.3
85864.389208,-1.10799266,0.187312575,0.043187984,0.043187984,11.2416637,787,20.9960144,0.3
85864.399236,-1.12153799,0.199899327,0.0389881038,0.0389881038,11.25301,787,22.7408197,0.3
85864.409264,-1.10920771,0.203736243,0.0423094769,0.0423094769,11.2643766,787,19.8259453,0.3
85864.419291,-1.10933538,0.204610351,0.0528662062,0.0528662062,11.2756861,849,20.2453997,0.3
85864.429319,-1.09865692,0.21204202,0.0453434487,0.0453434487,11.2869525,787,19.4797835,0.3
85864.439347,-1.11046309,0.219998005,0.0449522931,0.0449522931,11.2982389,787,17.840908,0.3
85864.449374,-1.13509524,0.232793209,0.05014584,0.05014584,11.3097236,787,10.348435,0.3
85864.459402,-1.13841075,0.230854752,0.059330479,0.059330479,11.3213576,849,20.6220518,0.3
85864.469430,-1.14201089,0.225822724,0.0672793561,0.0672793561,11.3330187,849,25.6622507,0.3
85864.479457,-1.14625009,0.216813984,0.0743889888,0.0743889888,11.3447037,849,20.8857393,0.3
85864.489485,-1.14970052,0.205171891,0.0808822105,0.0808822105,11.3564086,849,23.1650165,0.3
85864.499512,-1.20090109,0.129380319,0.0510977885,0.0510977885,11.3683192,849,15.5984941,0.3
85864.509540,-1.23433732,0.0568424546,0.0466963499,0.0466963499,11.3805709,787,17.2910949,0.3
85864.519568,-1.23288581,0.0437070508,0.0564423302,0.0564423302,11.392952,849,16.8176368,0.3
85864.529595,-1.23147862,0.0328486499,0.0647434424,0.0647434424,11.4053132,849,10.0066876,0.3
85864.539623,-1.2302278,0.0242507427,0.0721018503,0.0721018503,11.4176596,849,10.0066876,0.3
85864.549651,-1.22901093,0.018571996,0.0787815143,0.0787815143,11.4299921,849,14.9650176,0.3
85864.559678,-1.22881878,0.0154934109,0.0849421321,0.0849421321,11.4423156,849,16.2489228,0.3
85864.569706,-1.22850517,0.0142523061,0.0906906883,0.0906906883,11.4546375,849,17.1505815,0.3
85864.579734,-1.227729,0.0140681768,0.0961006534,0.0961006534,11.4669539,849,17.5464278,0.3
85864.589761,-1.25921822,-0.22801984,0.0518438392,0.0518438392,11.4795253,787,17.6335119,0.3
85864.599789,-1.2988087,-0.208296891,0.0462880966,0.0462880966,11.4925371,787,18.0030562,0.3
85864.609817,-1.30829177,-0.215799721,0.0445780021,0.0445780021,11.505781,787,18.769884,0.3
85864.619844,-1.32967197,-0.227406683,0.0431010744,0.0431010744,11.5191919,787,20.6766944,0.3
85864.629872,-1.34487109,-0.227702287,0.0472665603,0.0472665603,11.5327948,787,13.2627245,0.3
85864.639900,-1.37152343,-0.230431943,0.0440233717,0.0440233717,11.5466071,787,19.9691678,0.3
85864.649927,-1.41742582,-0.210184921,0.0454062265,0.0454062265,11.5607636,787,16.5797377,0.3
85864.659955,-1.42558486,-0.196170269,0.0446960919,0.0446960919,11.5751635,787,18.2671347,0.3
85864.669983,-1.41626543,-0.183017243,0.0452545988,0.0452545988,11.589539,787,17.1106098,0.3
85864.680010,-1.38592858,-0.139784664,0.0433096786,0.0433096786,11.6036821,787,20.5328294,0.3
85864.690038,-1.34049148,-0.0809377255,0.039155521,0.039155521,11.6173998,787,20.2566824,0.3
85864.700066,-1.33130854,-0.0633057475,0.0432965634,0.0432965634,11.630816,787,17.8244045,0.3
85864.710093,-1.32950484,-0.0654610538,0.0536602186,0.0536602186,11.6441716,787,17.8244045,0.3
85864.720121,-1.28083034,-0.0477593341,0.05148998,0.05148998,11.6572724,787,12.9010312,0.3
85864.730149,-1.24958209,-0.0417772111,0.0449501256,0.0449501256,11.6699678,787,19.7052462,0.3
85864.740176,-1.23348891,-0.0530542296,0.039533412,0.039533412,11.6824259,787,19.7015263,0.3
85864.750204,-1.20424157,-0.0506012995,0.0427615,0.0427615,11.6946598,787,19.1483167,0.3
85864.760232,-1.20346138,-0.0545898307,0.0532296516,0.0532296516,11.7067435,849,17.4924511,0.3
85864.770259,-1.20283027,-0.0561226693,0.0619598643,0.0619598643,11.7188202,849,22.995737,0.3
85864.780287,-1.20110629,-0.0552468482,0.0696105876,0.0696105876,11.7308865,849,20.3292215,0.3
85864.790315,-1.19331129,-0.0677313882,0.0479911048,0.0479911048,11.7429081,787,18.9920316,0.3
85864.800342,-1.16505815,-0.0694880906,0.0430583307,0.0430583307,11.7547518,787,21.7931319,0.3
85864.810370,-1.15954242,-0.0670111397,0.0534685302,0.0534685302,11.7664274,787,21.7931319,0.3
85864.820398,-1.13622805,-0.0570136902,0.0509581246,0.0509581246,11.7779553,787,13.3462354,0.3
85864.830425,-1.07872816,-0.0476569814,0.0408006664,0.0408006664,11.7890724,787,26.866338,0.3
85864.840453,-1.01931729,-0.022874617,0.0366920829,0.0366920829,11.7995986,787,26.1657699,0.3
85864.850481,-0.962792907,-0.0185168439,0.038546598,0.038546598,11.809539,787,29.1878748,0.3
85864.860508,-0.90385752,-0.0245816435,0.0391487462,0.0391487462,11.8189001,787,27.911353,0.3
85864.870536,-0.871585003,-0.0110278713,0.0374302278,0.0374302278,11.8278042,787,34.5360157,0.3
85864.880564,-0.835416592,-0.000911009285,0.0387203092,0.0387203092,11.8363634,787,28.8890504,0.3
85864.890591,-0.777650853,-0.017619793,0.0356410896,0.0356410896,11.8444515,787,31.895744,0.3
85864.900619,-0.735542289,-0.0353060868,0.0373019169,0.0373019169,11.8520439,787,33.8566342,0.3
85864.910647,-0.730457304,-0.0340911123,0.0489477926,0.0489477926,11.8594027,787,33.8566342,0.3
85864.920674,-0.731927135,-0.0298477426,0.0417326112,0.0417326112,11.8667414,787,24.5007233,0.3
85864.930702,-0.716353491,-0.0304779628,0.0388167015,0.0388167015,11.8740094,787,30.0788822,0.3
85864.940730,-0.734115492,-0.00223313927,0.0357721846,0.0357721846,11.8812853,787,33.9621049,0.3
85864.950757,-0.738519589,0.0361318196,0.0375953249,0.0375953249,11.8886728,787,32.5755044,0.3
85864.960785,-0.724043736,0.0636182055,0.0381583257,0.0381583257,11.8960245,787,31.0126899,0.3
85864.970813,-0.689379684,0.0782340672,0.0371728577,0.0371728577,11.9031476,787,35.3898326,0.3
85864.980840,-0.643358334,0.099081262,0.0386245725,0.0386245725,11.9098895,787,29.1123659,0.3
85864.990868,-0.579022504,0.0965323683,0.0373601569,0.0373601569,11.9160966,787,34.6816798,0.3
85865.000896,-0.514298309,0.0944404578,0.0395460732,0.0395460732,11.9216617,787,26.1532953,0.3
85865.010923,-0.443409225,0.0824648312,0.0375953086,0.0375953086,11.9265444,787,33.9421474,0.3
85865.020951,-0.405766958,0.0919616479,0.0377867128,0.0377867128,11.9308919,787,32.4931976,0.3
85865.030979,-0.400102518,0.0876941617,0.0378959798,0.0378959798,11.9350317,787,32.1179036,0.3
85865.041006,-0.372201135,0.0795424925,0.035342195,0.035342195,11.9389934,787,31.8518646,0.3
85865.051034,-0.364079536,0.0899809796,0.0375481722,0.0375481722,11.9427822,787,32.6021036,0.3
85865.061062,-0.351708942,0.106957413,0.0384205796,0.0384205796,11.9465058,787,30.0094082,0.3
85865.071089,-0.355053397,0.102926121,0.0391632948,0.0391632948,11.9502022,787,27.8136454,0.3
85865.081117,-0.363210224,0.124569536,0.0405619872,0.0405619872,11.953981,787,24.0917509,0.3
85865.091145,-0.362661977,0.138724251,0.0393297807,0.0393297807,11.9578531,787,28.0957234,0.3
85865.101172,-0.379033993,0.127763357,0.0384198319,0.0384198319,11.9618052,787,30.66974,0.3
85865.111200,-0.382198967,0.115091233,0.0388338206,0.0388338206,11.965812,787,28.9009788,0.3
85865.121228,-0.405404678,0.105830968,0.0394684324,0.0394684324,11.9699142,787,27.0325372,0.3
85865.131255,-0.403512426,0.0807173814,0.039871783,0.039871783,11.9740779,787,26.0975506,0.3
85865.141283,-0.417471399,0.0494844593,0.035671577,0.035671577,11.9782491,787,31.9318727,0.3
85865.151311,-0.438277717,0.0559922311,0.0389608245,0.0389608245,11.9825723,787,27.230963,0.3
85865.161338,-0.422171522,0.0558948868,0.0386765848,0.0386765848,11.9869225,787,29.6368998,0.3
85865.171366,-0.402291483,0.034490603,0.0387424095,0.0387424095,11.9910822,787,29.3100118,0.3
85865.181394,-0.389973471,0.0343010764,0.0389257468,0.0389257468,11.9950696,787,28.7182221,0.3
85865.191422,-0.34792478,0.034613314,0.0372966876,0.0372966876,11.9987856,787,35.0618513,0.3
85865.201449,-0.328114922,0.0336881243,0.0377140604,0.0377140604,12.0021921,787,32.6784793,0.3
85865.211477,-0.330068827,0.0726711532,0.0387624725,0.0387624725,12.0055406,787,28.8608599,0.3
85865.221505,-0.323921722,0.0763646045,0.0389218162,0.0389218162,12.0089038,787,28.7388924,0.3
85865.231532,-0.319105926,0.0778652026,0.0501931133,0.0501931133,12.0122191,849,30.7029968,0.3
85865.241560,-0.314217661,0.07970034,0.059369665,0.059369665,12.0154914,849,31.1991941,0.3
85865.251588,-0.309139193,0.0826793066,0.0673129229,0.0673129229,12.0187213,849,30.2975033,0.3
85865.261615,-0.193368621,0.120411518,0.0416960275,0.0416960275,12.0214677,787,27.0137533,0.3
85865.271643,-0.187276526,0.124667741,0.0523763755,0.0523763755,12.0237379,787,27.0137533,0.3
85865.281671,-0.179788907,0.128612244,0.0612280562,0.0612280562,12.0259743,849,45.0572683,0.3
85865.291698,0.00438096912,0.028326011,0.0335055258,0.0335055258,12.0270826,787,51.0871962,0.3
85865.301726,0.028610779,0.0314043736,0.0351775232,0.0351775232,12.0270826,787,46.5256842,0.3
85865.311754,0.0235955212,0.0462466375,0.0354087938,0.0354087938,12.0273429,787,45.1592803,0.3
85865.321781,0.0248600569,0.0379616853,0.0351272996,0.0351272996,12.0276032,787,47.5912105,0.3
85865.331809,0.0571981265,0.111664973,0.0376674965,0.0376674965,12.0282322,787,31.9774488,0.3
85865.341837,0.0125197668,0.0385958803,0.0346291947,0.0346291947,12.0288613,787,53.0834133,0.3
85865.351864,5.46143894e-05,0.0297038932,0.0346554023,0.0346554023,12.0288613,787,51.9958283,0.3
85865.361892,-0.0155864277,0.0438343923,0.0348049686,0.0348049686,12.0288613,787,50.4416054,0.3
85865.371920,-0.0143197547,0.0383888159,0.0354696318,0.0354696318,12.0288613,787,44.5528811,0.3
85865.381947,-0.0170701529,0.0360305814,0.0337079667,0.0337079667,12.0288613,787,46.3390328,0.3
85865.391975,-0.0309079895,0.0520124978,0.0355164386,0.0355164386,12.0291647,787,43.7911711,0.3
85865.402003,-0.0258715017,0.0497800678,0.0357402627,0.0357402627,12.0297493,787,42.7694885,0.3
85865.412030,-0.0119613312,0.0459465643,0.0365792391,0.0365792391,12.0300306,787,37.5707314,0.3
85865.422058,-0.0174813534,0.0399846993,0.0354105024,0.0354105024,12.0300306,787,45.5739489,0.3
85865.432086,-0.0774339763,0.0987304397,0.0384923356,0.0384923356,12.0306597,787,28.7826996,0.3
85865.442113,-0.0825867302,0.105194163,0.0498603417,0.0498603417,12.0319593,849,36.7439399,0.3
85865.452141,-0.0265588328,-0.00358406249,0.0385004666,0.0385004666,12.0326299,787,32.8581752,0.3
85865.462169,-0.0235460446,0.0638283875,0.036927917,0.036927917,12.032971,787,36.6789398,0.3
85865.472197,-0.0201136106,0.035678743,0.0371591225,0.0371591225,12.0333121,787,35.0310344,0.3
85865.482224,-0.019966476,0.020187046,0.0371278548,0.0371278548,12.0333121,849,50.5476964,0.3
85865.492252,0.0189327847,0.0558364673,0.0343562041,0.0343562041,12.0336077,787,56.1448822,0.3
85865.502280,0.0365940971,0.0514983294,0.0336293064,0.0336293064,12.0342201,787,66.8871413,0.3
85865.512307,0.0210216221,0.0656453979,0.0339870125,0.0339870125,12.0348824,787,60.4046449,0.3
85865.522335,0.0380702351,0.0395563719,0.0347004293,0.0347004293,12.0355033,787,51.3287803,0.3
85865.532363,0.0793372008,0.0750834904,0.0421401372,0.0421401372,12.0363262,787,17.2524121,0.3
85865.542390,0.0917180355,0.09950463,0.0363804633,0.0363804633,12.0375524,787,40.4815643,0.3
85865.552418,0.0452341795,0.0489897993,0.0354118671,0.0354118671,12.0385652,787,45.5051987,0.3
85865.562446,-0.0286985309,-0.000134084836,0.0343040261,0.0343040261,12.0388995,787,56.3975909,0.3
85865.572473,-0.0423762225,-0.040943946,0.0341726116,0.0341726116,12.039195,787,57.8507448,0.3
85865.582501,-0.0800790893,-0.038427281,0.0353426629,0.0353426629,12.0399358,849,37.4515453,0.3
85865.592529,-0.13721527,-0.0232135025,0.03767335,0.03767335,12.0410789,787,32.0498807,0.3
85865.602556,-0.179772766,-0.060116397,0.0373760961,0.0373760961,12.0427269,787,34.2847181,0.3
85865.612584,-0.178774354,-0.0753713954,0.0438503066,0.0438503066,12.0446502,787,15.439986,0.3
85865.622612,-0.189323217,-0.0765278582,0.0541082791,0.0541082791,12.0466468,787,15.439986,0.3
85865.632639,-0.178763752,-0.14753427,0.0341253098,0.0341253098,12.0488327,787,45.6152507,0.3
85865.642667,-0.191815282,-0.168385876,0.0350366385,0.0350366385,12.0512746,787,48.0171384,0.3
85865.652695,-0.209386704,-0.189024266,0.0349190796,0.0349190796,12.0539687,787,49.4217136,0.3
85865.662723,-0.235594242,-0.195958084,0.0349904183,0.0349904183,12.0569196,787,48.7045182,0.3
85865.672750,-0.246485515,-0.211145584,0.0347270487,0.0347270487,12.0600831,787,51.3329421,0.3
85865.682778,-0.24940953,-0.226173523,0.0346359595,0.0346359595,12.0633986,849,58.115996,0.3
85865.692806,-0.258247568,-0.234653308,0.0469456046,0.0469456046,12.0668363,849,58.115996,0.3
85865.702833,-0.252877132,-0.157351075,0.0414721923,0.0414721923,12.0700789,787,24.5599889,0.3
85865.712861,-0.256657078,-0.161253894,0.0339201702,0.0339201702,12.073092,787,63.0462749,0.3
85865.722889,-0.261656699,-0.153170563,0.0335279229,0.0335279229,12.076132,787,68.8618344,0.3
85865.732916,-0.259118025,-0.141338532,0.0337161096,0.0337161096,12.0791318,849,77.1991062,0.3
85865.742944,-0.240280086,-0.149925243,0.0334055282,0.0334055282,12.0820318,787,71.5575301,0.3
85865.752972,-0.210053391,-0.111979309,0.0331951642,0.0331951642,12.0846454,787,76.9211228,0.3
85865.762999,-0.195005352,-0.0734098951,0.0332076939,0.0332076939,12.0868834,787,76.4778849,0.3
85865.773027,-0.200038855,-0.0383894424,0.0330847818,0.0330847818,12.0889495,787,80.185003,0.3
85865.783055,-0.207594972,-0.0141387462,0.0323253982,0.0323253982,12.0910141,787,90.6342884,0.3
85865.793082,-0.205013162,-0.0152154502,0.0452655497,0.0452655497,12.0930879,787,90.6342884,0.3
85865.803110,-0.206556833,-0.0284387398,0.0363842556,0.0363842556,12.0951641,787,41.057035,0.3
85865.813138,-0.173808447,-0.0151791685,0.0326813881,0.0326813881,12.0970844,787,96.9211991,0.3
85865.823166,-0.174031014,-0.0303057671,0.0326729348,0.0326729348,12.0988449,787,96.761206,0.3
85865.833193,-0.179998406,-0.0321619586,0.032231878,0.032231878,12.1006472,787,92.7140303,0.3
85865.843221,-0.177780292,-0.0277097696,0.0327344557,0.0327344557,12.1024662,787,93.5900052,0.3
85865.853249,-0.173514534,-0.0194028201,0.0325907445,0.0325907445,12.1042438,787,101.346902,0.3
85865.863276,-0.169922352,-0.0183994691,0.0325824253,0.0325824253,12.105976,787,101.72522,0.3
85865.873304,-0.177772149,-0.0184444021,0.032510316,0.032510316,12.1077291,787,106.420205,0.3
85865.883332,-0.213028988,0.00424417331,0.0325101214,0.0325101214,12.1096936,849,108.11059,0.3
85865.893359,-0.215583241,0.00649153934,0.0453973039,0.0453973039,12.1118431,849,108.11059,0.3
85865.903387,-0.18918805,-0.0421989051,0.035421057,0.035421057,12.1138964,787,47.2971893,0.3
85865.913415,-0.136345139,-0.0680672472,0.0326563501,0.0326563501,12.1156324,787,98.0929956,0.3
85865.923442,-0.144189313,-0.0579603472,0.0323663107,0.0323663107,12.1171755,787,117.505268,0.3
85865.933470,-0.158208276,-0.0454286706,0.0327368918,0.0327368918,12.11878,849,117.147009,0.3
85865.943498,-0.108182819,-0.0387736369,0.032427118,0.032427118,12.1201816,787,112.538601,0.3
85865.953526,-0.104036611,-0.0171711457,0.032265043,0.032265043,12.1212865,787,127.791661,0.3
85865.963553,-0.121351022,0.00306484701,0.0325499268,0.0325499268,12.1224237,787,103.665658,0.3
85865.973581,-0.15338423,0.0192296672,0.0322828486,0.0322828486,12.1238075,787,125.838988,0.3
85865.983609,-0.164497774,0.0227769126,0.0452357435,0.0452357435,12.1254152,787,125.838988,0.3
85865.993636,-0.175349671,0.0273947507,0.0552367697,0.0552367697,12.1271376,787,125.838988,0.3
