t,event,value
93341.695616,start,
93341.705643,filter_state,vx=-0.106096256 vy=0.0123234988 bx=0.0183645148 by=0.017707032 p=0.00100779278 0.00100779278 0.00100074778 0.00100074778
93349.075599,zupt,
93349.085627,zupt,
93349.095654,zupt,
93349.105682,zupt,
93349.115709,zupt,
93349.125736,zupt,
93349.135764,zupt,
93349.145791,zupt,
93349.155818,zupt,
93349.165846,zupt,
93349.175873,zupt,
93349.185901,zupt,
93349.195928,zupt,
93349.205955,zupt,
93349.215983,zupt,
93349.226010,zupt,
93349.236037,zupt,
93349.246065,zupt,
93349.256092,zupt,
93349.266120,zupt,
93349.276147,zupt,
93349.286174,zupt,
93349.296202,zupt,
93349.306229,zupt,
93349.316256,zupt,
93349.326284,zupt,
93349.336311,zupt,
93349.346339,zupt,
93349.356366,zupt,
93349.366393,zupt,
93349.376421,zupt,
93349.386448,zupt,
93349.396476,zupt,
93349.406503,zupt,
93349.416530,zupt,
93349.426558,zupt,
93349.436585,zupt,
93349.446612,zupt,
93349.456640,zupt,
93349.466667,zupt,
93349.476695,zupt,
93349.486722,zupt,
93349.496749,zupt,
93349.506777,zupt,
93349.516804,zupt,
93349.526832,zupt,
93349.536859,zupt,
93349.546886,zupt,
93349.556914,zupt,
93349.566941,zupt,
93349.576969,zupt,
93349.586996,zupt,
93349.597023,zupt,
93349.607051,zupt,
93349.617078,zupt,
93349.627106,zupt,
93349.637133,zupt,
93349.647160,zupt,
93349.657188,zupt,
93349.667215,zupt,
93349.677242,zupt,
93349.687270,zupt,
93349.697297,zupt,
93349.707325,zupt,
93349.717352,zupt,
93349.727379,zupt,
93349.737407,zupt,
93349.747434,zupt,
93349.757462,zupt,
93349.767489,zupt,
93349.777517,zupt,
93349.787544,zupt,
93349.797571,zupt,
93349.807599,zupt,
93349.817626,zupt,
93349.827654,zupt,
93349.837681,zupt,
93349.847708,zupt,
93349.857736,zupt,
93349.867763,zupt,
93349.877792,zupt,
93349.887819,zupt,
93349.897846,zupt,
93349.907874,zupt,
93349.917901,zupt,
93349.927929,zupt,
93349.937956,zupt,
93349.947983,zupt,
93349.958011,zupt,
93349.968038,zupt,
93349.978066,zupt,
93349.988093,zupt,
93349.998121,zupt,
93350.008148,zupt,
93350.018175,zupt,
93350.028203,zupt,
93350.038230,zupt,
93350.048258,zupt,
93350.058285,zupt,
93350.068311,zupt,
93350.078340,zupt,
93350.088367,zupt,
93350.098395,zupt,
93350.108422,zupt,
93350.118449,zupt,
93350.128477,zupt,
93350.138503,zupt,
93350.148532,zupt,
93350.158558,zupt,
93350.168587,zupt,
93350.178614,zupt,
93350.188641,zupt,
93350.198669,zupt,
93350.208696,zupt,
93350.218724,zupt,
93350.228750,zupt,
93350.238779,zupt,
93350.248805,zupt,
93350.258833,zupt,
93350.268861,zupt,
93350.278888,zupt,
93350.288916,zupt,
93350.298943,zupt,
93350.308971,zupt,
93350.318997,zupt,
93350.318997,stop,
