recv_time,request,reply
1791090804.377352,"{""cmd"": ""zero""}","{""cmd"": ""zero"", ""ok"": true}"
1791090852.252882,"{""cmd"": ""zero""}","{""cmd"": ""zero"", ""ok"": true}"
1791090853.554597,"{""cmd"": ""zero""}","{""cmd"": ""zero"", ""ok"": true}"
1791090854.371578,"{""cmd"": ""zero""}","{""cmd"": ""zero"", ""ok"": true}"
1791090868.705735,"{""cmd"": ""zero""}","{""cmd"": ""zero"", ""ok"": true}"
1791090889.019937,"{""cmd"": ""zero""}","{""cmd"": ""zero"", ""ok"": true}"
1791090894.405612,"{""cmd"": ""measure_height""}","{""cmd"": ""measure_height"", ""h"": 0.19140387537690165, ""message"": ""LiDAR h = 0.191 m \u00b1 0.001 (36 frames, tilt 2\u00b0) \u2014 mount \u2265 20 cm for focus and speed range"", ""ok"": true}"
1791090896.147004,"{""cmd"": ""start_run""}","{""cmd"": ""start_run"", ""ok"": true, ""run"": ""2026-10-04_01-14-56""}"
1791090908.591910,"{""cmd"": ""stop_run""}","{""cmd"": ""stop_run"", ""distance"": 19.8029885450297, ""ok"": true, ""run"": ""2026-10-04_01-14-56""}"
1791090911.300206,"{""cmd"": ""start_run""}","{""cmd"": ""start_run"", ""ok"": true, ""run"": ""2026-10-04_01-15-11""}"
1791090927.220921,"{""cmd"": ""zero""}","{""cmd"": ""zero"", ""ok"": true}"
1791090984.823280,"{""cmd"": ""zero""}","{""cmd"": ""zero"", ""ok"": true}"
1791090994.022951,"{""cmd"": ""zero""}","{""cmd"": ""zero"", ""ok"": true}"
1791090998.314169,"{""cmd"": ""measure_height""}","{""cmd"": ""measure_height"", ""h"": 0.1558222341136492, ""message"": ""LiDAR h = 0.156 m \u00b1 0.006 (38 frames, tilt 5\u00b0) \u2014 mount \u2265 20 cm for focus and speed range"", ""ok"": true}"
1791091003.353489,"{""cmd"": ""stop_run""}","{""cmd"": ""stop_run"", ""distance"": 0.04600302521473904, ""ok"": true, ""run"": ""2026-10-04_01-15-11""}"
1791091016.063162,"{""cmd"": ""start_run""}","{""cmd"": ""start_run"", ""ok"": true, ""run"": ""2026-10-04_01-16-56""}"
1791091079.938051,"{""cmd"": ""zero""}","{""cmd"": ""zero"", ""ok"": true}"
1791091101.238722,"{""cmd"": ""zero""}","{""ok"": false, ""cmd"": ""zero"", ""error"": ""TimeoutError: timed out"", ""local"": true}"
1791091131.217994,"{""cmd"": ""zero""}","{""cmd"": ""zero"", ""ok"": true}"
1791091133.485853,"{""cmd"": ""zero""}","{""cmd"": ""zero"", ""ok"": true}"
1791091141.083505,"{""cmd"": ""zero""}","{""cmd"": ""zero"", ""ok"": true}"
1791091149.360468,"{""cmd"": ""measure_height""}","{""cmd"": ""measure_height"", ""h"": 0.16933064243793258, ""message"": ""LiDAR h = 0.169 m \u00b1 0.001 (44 frames, tilt 6\u00b0) \u2014 mount \u2265 20 cm for focus and speed range"", ""ok"": true}"
1791091154.601922,"{""cmd"": ""zero""}","{""cmd"": ""zero"", ""ok"": true}"
1791091156.050245,"{""cmd"": ""zero""}","{""cmd"": ""zero"", ""ok"": true}"
1791091159.596843,"{""cmd"": ""measure_height""}","{""cmd"": ""measure_height"", ""h"": 0.1770380510259842, ""message"": ""LiDAR h = 0.177 m \u00b1 0.002 (44 frames, tilt 4\u00b0) \u2014 mount \u2265 20 cm for focus and speed range"", ""ok"": true}"
1791091162.567652,"{""cmd"": ""stop_run""}","{""cmd"": ""stop_run"", ""distance"": 0.002639002579945689, ""ok"": true, ""run"": ""2026-10-04_01-16-56""}"
1791091163.750464,"{""cmd"": ""zero""}","{""cmd"": ""zero"", ""ok"": true}"
1791091167.494886,"{""cmd"": ""measure_height""}","{""cmd"": ""measure_height"", ""h"": 0.1730554094473313, ""message"": ""LiDAR h = 0.173 m \u00b1 0.001 (42 frames, tilt 4\u00b0) \u2014 mount \u2265 20 cm for focus and speed range"", ""ok"": true}"
1791091171.487563,"{""cmd"": ""start_run""}","{""cmd"": ""start_run"", ""ok"": true, ""run"": ""2026-10-04_01-19-31""}"
1791091282.678513,"{""cmd"": ""stop_run""}","{""ok"": false, ""cmd"": ""stop_run"", ""error"": ""ConnectionError: phone IP unknown (no telemetry yet, no --phone, Bonjour found nothing)"", ""local"": true}"
