t,v_x,v_y,sigma_vx,sigma_vy,distance,status,flow_quality,h,ax,ay,gz,flow_vx,flow_vy,net_forward,seq,recv_time,version
88042.695464,0.0012811124324798584,-0.0010235027875751257,0.032782696187496185,0.032782696187496185,1.5306274890899658,803,26.239404678344727,0.20499999821186066,0.002190203405916691,0.0022240430116653442,-0.0003216424956917763,0.009639834985136986,-0.013595232740044594,-0.3695965111255646,4318,1791075154.9869802,2
88042.715514,0.0005826355773024261,6.860043504275382e-05,0.032741744071245193,0.032741744071245193,1.5306274890899658,803,27.994853973388672,0.20499999821186066,-0.006444426719099283,0.004319375846534967,0.0005976809188723564,0.011639275588095188,0.003352819476276636,-0.36958804726600647,4319,1791075155.0029,2
88042.735564,0.00013804285845253617,0.0014198780991137028,0.0327894426882267,0.0327894426882267,1.5306274890899658,803,29.3798828125,0.20499999821186066,0.007588427513837814,0.008472306653857231,0.00015000347048044205,0.0022407646756619215,0.014659401960670948,-0.36958739161491394,4320,1791075155.022496,2
88042.755615,0.0011506634764373302,0.000507878779899329,0.03276815637946129,0.03276815637946129,1.5306274890899658,803,31.08908462524414,0.20499999821186066,0.005305266939103603,0.0017740536713972688,-0.00043509341776371,0.009336000308394432,0.0012664594687521458,-0.3695782721042633,4321,1791075155.042152,2
88042.775665,-0.0013591249007731676,-0.0006731458124704659,0.032849572598934174,0.032849572598934174,1.5306274890899658,803,24.366695404052734,0.20499999821186066,0.003297068877145648,-0.0058841342106461525,0.00038649141788482666,-0.020120615139603615,0.004899166990071535,-0.36958420276641846,4322,1791075155.0621,2
88042.795715,-0.0009575665462762117,-0.0010910882847383618,0.03272176533937454,0.03272176533937454,1.5306274890899658,803,32.6656494140625,0.20499999821186066,0.002919723279774189,0.005627709440886974,8.076056838035583e-05,-0.010410784743726254,-0.006208046805113554,-0.3695993721485138,4323,1791075155.082674,2
88042.815765,0.00011266195360803977,-0.0015599352773278952,0.03268858790397644,0.03268858790397644,1.5306274890899658,803,30.852584838867188,0.20499999821186066,0.0070631797425448895,0.009453950449824333,-0.0005778390914201736,0.0024857749231159687,-0.008378046564757824,-0.3695865869522095,4324,1791075155.10205,2
88042.835816,-5.876598515897058e-05,-0.0011292597046121955,0.03267068788409233,0.03267068788409233,1.5306274890899658,803,29.847877502441406,0.20499999821186066,0.00662650540471077,0.008628659881651402,2.2970139980316162e-05,0.006002259906381369,-0.0033891461789608,-0.3695840537548065,4325,1791075155.12309,2
88042.855866,0.0018083021277561784,0.00035816204035654664,0.03281600400805473,0.03281600400805473,1.5306274890899658,803,29.23110580444336,0.20499999821186066,-0.0037885603960603476,0.0014453502371907234,0.00029061827808618546,0.016548356041312218,-0.007199425250291824,-0.3695835471153259,4326,1791075155.144674,2
88042.875916,0.0007973780739121139,-0.00040072089177556336,0.03282011300325394,0.03282011300325394,1.5306274890899658,803,28.244596481323242,0.20499999821186066,-0.005118895787745714,0.005447852425277233,-0.0006060684099793434,-0.0008447417640127242,-0.003201077226549387,-0.3695758879184723,4327,1791075155.162932,2
88042.895966,-1.0728515007940587e-05,-0.0016210244502872229,0.0328090526163578,0.0328090526163578,1.5306274890899658,803,28.841196060180664,0.20499999821186066,0.010900109075009823,0.004599247593432665,0.0005518738180398941,-0.0003874277463182807,-0.004961433820426464,-0.3695629835128784,4328,1791075155.182506,2
88042.916017,0.00038465828401967883,-0.00035758904414251447,0.03268110007047653,0.03268110007047653,1.5306274890899658,803,31.016292572021484,0.20499999821186066,0.006070862524211407,-0.004694449249655008,-8.036009967327118e-05,-0.002579599851742387,0.008538978174328804,-0.36955663561820984,4329,1791075155.202156,2
88042.936067,0.0004969399888068438,-0.000539322558324784,0.03274999558925629,0.03274999558925629,1.5306274890899658,803,25.281280517578125,0.20499999821186066,0.013654723763465881,-0.005416481290012598,-0.00012803077697753906,0.017344467341899872,-0.005942896008491516,-0.36954665184020996,4330,1791075155.2217312,2
88042.956117,0.000995919923298061,-0.0005577181000262499,0.03283374756574631,0.03283374756574631,1.5306274890899658,803,27.26897430419922,0.20499999821186066,-0.0032354930881410837,0.007684284821152687,-0.000206860713660717,0.015837255865335464,0.0005942739662714303,-0.36953940987586975,4331,1791075155.2429152,2
88042.976167,-0.00020121906709391624,0.000680115888826549,0.03280698508024216,0.03280698508024216,1.5306274890899658,803,31.85011863708496,0.20499999821186066,-0.001380147528834641,-0.011616162024438381,0.001436309888958931,-0.002916569821536541,0.01177914161235094,-0.3695327937602997,4332,1791075155.262471,2
88042.996218,0.002087320201098919,-6.898329593241215e-05,0.03285522013902664,0.03285522013902664,1.5306274890899658,803,26.534255981445312,0.20499999821186066,0.008852273225784302,0.004386729560792446,-0.001492030918598175,0.0123439347371459,0.0007376146968454123,-0.36952337622642517,4333,1791075155.282449,2
88043.016268,-0.00035857537295669317,-0.00016034893633332103,0.03272198885679245,0.03272198885679245,1.5306274890899658,803,28.75401496887207,0.20499999821186066,0.006321366876363754,0.013823244720697403,-0.0005439454689621925,0.00043077312875539064,2.0755645891767927e-05,-0.36952275037765503,4334,1791075155.302336,2
88043.036318,-0.00039371277671307325,-0.0014475176576524973,0.032717518508434296,0.032717518508434296,1.5306274890899658,803,25.86471176147461,0.20499999821186066,-0.010348064824938774,-0.007863834500312805,-0.00037829671055078506,0.003303163917735219,-0.01274015661329031,-0.3695431649684906,4335,1791075155.3217,2
88043.056368,0.0006112217088229954,0.00021160425967536867,0.0327712744474411,0.0327712744474411,1.5306274890899658,803,28.878589630126953,0.20499999821186066,0.0027871099300682545,0.016717275604605675,-0.0009093312546610832,0.0024696262553334236,-0.0007404917851090431,-0.36953580379486084,4336,1791075155.345975,2
88043.076419,0.00012202296784380451,-0.00044220857671462,0.03284255042672157,0.03284255042672157,1.5306274890899658,803,28.371517181396484,0.20499999821186066,-0.001163582201115787,0.006717188749462366,0.0003301044926047325,-0.004504299722611904,-0.0024881402496248484,-0.36952123045921326,4337,1791075155.361832,2
88043.096469,0.001865878701210022,-0.00026045594131574035,0.03282999247312546,0.03282999247312546,1.5306274890899658,803,29.336143493652344,0.20499999821186066,0.003969068173319101,-0.004529851488769054,-0.0007346281781792641,0.009833225980401039,-0.0037282744888216257,-0.369497686624527,4338,1791075155.3825028,2
88043.116519,-7.798382284818217e-05,-0.0011765087256208062,0.03269640728831291,0.03269640728831291,1.5306274890899658,803,30.51674461364746,0.20499999821186066,-0.0016940905479714274,-0.009124546311795712,0.00046699028462171555,0.00951892975717783,-0.010570220649242401,-0.36947670578956604,4339,1791075155.4019861,2
88043.136569,-0.001190489623695612,-0.0002220945607405156,0.03273990377783775,0.03273990377783775,1.5306274890899658,803,29.906211853027344,0.20499999821186066,-0.010427139699459076,0.011488281190395355,-0.0003583226352930069,-0.0035339088644832373,-0.009689710102975368,-0.3694804608821869,4340,1791075155.422611,2
88043.15662,-0.0011001224629580975,-0.0011525211157277226,0.03285651281476021,0.03285651281476021,1.5306274890899658,803,27.081768035888672,0.20499999821186066,-0.00378428609110415,0.003306497586891055,-0.00016790721565485,-0.0062359473668038845,-0.010374894365668297,-0.3694862127304077,4341,1791075155.441387,2
88043.17667,0.0007933125016279519,-0.0013546361587941647,0.03288238123059273,0.03288238123059273,1.5306274890899658,803,21.985069274902344,0.20499999821186066,0.016099905595183372,0.009786714799702168,-0.0014875037595629692,0.005680012051016092,-0.008141457103192806,-0.36947304010391235,4342,1791075155.4627452,2
88043.19672,0.0011621739249676466,-0.0006838400731794536,0.03285247087478638,0.03285247087478638,1.5306274890899658,803,29.34969711303711,0.20499999821186066,0.012592866085469723,-0.001712219906039536,-0.00038921553641557693,0.011415578424930573,0.00018388143507763743,-0.3694748282432556,4343,1791075155.482202,2
88043.21677,0.0009629252599552274,-0.0010349797084927559,0.03281388059258461,0.03281388059258461,1.5306274890899658,803,26.70122528076172,0.20499999821186066,0.0017695851856842637,-0.004832005128264427,0.00046299584209918976,0.006752656772732735,-0.008627251721918583,-0.3694620430469513,4344,1791075155.502662,2
88043.236821,-0.00034787290496751666,-0.0025121967773884535,0.032751649618148804,0.032751649618148804,1.5306274890899658,803,28.022541046142578,0.20499999821186066,-0.001851564389653504,-0.006846180651336908,0.000933310016989708,-0.002277132123708725,0.0018322319956496358,-0.36943909525871277,4345,1791075155.522343,2
88043.256871,0.002103497041389346,0.0018039714777842164,0.0326843187212944,0.0326843187212944,1.5306274890899658,803,30.572254180908203,0.20499999821186066,0.006025251466780901,-0.0007366642821580172,-0.0019274577498435974,-0.0022701334673911333,0.013140769675374031,-0.36943256855010986,4346,1791075155.54178,2
88043.276921,0.00032382208155468106,-0.0005546073662117124,0.03277572989463806,0.03277572989463806,1.5306274890899658,803,30.832252502441406,0.20499999821186066,-0.005595061928033829,-0.002920979168266058,0.0024675573222339153,-0.0012574520660564303,-0.0011821460211649537,-0.3694046139717102,4347,1791075155.5623958,2
88043.296971,-0.00047939526848495007,-0.00012770741886924952,0.032797060906887054,0.032797060906887054,1.5306274890899658,803,30.121234893798828,0.20499999821186066,-0.0008424421539530158,0.007320425473153591,0.00040387362241744995,0.00044060064828954637,0.006337651517242193,-0.3693981170654297,4348,1791075155.582077,2
88043.317022,0.001091841608285904,-0.0006104488275013864,0.03277882933616638,0.03277882933616638,1.5306274890899658,803,31.058303833007812,0.20499999821186066,-0.0026316088624298573,0.014781146310269833,3.955326974391937e-05,0.009747374802827835,-0.004215666092932224,-0.36939737200737,4349,1791075155.6017122,2
88043.337072,0.0009318210068158805,0.0010457225143909454,0.03271360695362091,0.03271360695362091,1.5306274890899658,803,29.353899002075195,0.20499999821186066,-0.0011083083227276802,0.009972959756851196,-0.0014153318479657173,0.008801572024822235,0.0005298533942550421,-0.36938437819480896,4350,1791075155.622299,2
88043.357122,0.0009668427519500256,0.0005029618623666465,0.032715924084186554,0.032715924084186554,1.5306274890899658,803,27.329347610473633,0.20499999821186066,0.00920658465474844,-0.00576253654435277,0.0010595438070595264,0.0018989670788869262,-7.789076335029677e-05,-0.36937758326530457,4351,1791075155.643136,2
88043.377172,0.0014388248091563582,-0.0011670285603031516,0.032764989882707596,0.032764989882707596,1.5306274890899658,803,28.63099479675293,0.20499999821186066,-0.00024794688215479255,-0.005899036768823862,-0.0017668688669800758,0.005851136986166239,-0.0011670170351862907,-0.3693484961986542,4352,1791075155.6619232,2
88043.397223,0.0016948237316682935,-0.0007080420618876815,0.03274812176823616,0.03274812176823616,1.5306274890899658,803,35.28848648071289,0.20499999821186066,0.0055684479884803295,0.006384761538356543,0.0002709589898586273,0.009661581367254257,-0.004058621823787689,-0.36932334303855896,4353,1791075155.682406,2
88043.417273,0.0004862095811404288,0.001593478606082499,0.032834820449352264,0.032834820449352264,1.5306274890899658,803,29.821441650390625,0.20499999821186066,-0.00469725439324975,0.01316838525235653,0.000575624406337738,0.005396208725869656,0.00994057022035122,-0.3693101406097412,4354,1791075155.702296,2
88043.437323,-0.0006860573193989694,-0.0013426041696220636,0.03274375945329666,0.03274375945329666,1.5306274890899658,803,24.63758659362793,0.20499999821186066,0.007097118534147739,-0.0059522297233343124,-0.00015647802501916885,-0.0009573008865118027,-0.012231988832354546,-0.36933207511901855,4355,1791075155.722593,2
88043.457373,0.001046595862135291,-0.00021580190514214337,0.03270982205867767,0.03270982205867767,1.5306274890899658,803,26.871286392211914,0.20499999821186066,-0.0023557692766189575,0.012577051296830177,0.00023660436272621155,0.009566966444253922,-0.007481452077627182,-0.36932334303855896,4356,1791075155.7423732,2
88043.477424,0.000768437806982547,-0.0007337405695579946,0.032792121171951294,0.032792121171951294,1.5306274890899658,803,27.78192710876465,0.20499999821186066,-0.0004003061621915549,0.0014718506718054414,0.0008869487792253494,0.011334127746522427,-0.0012499374570325017,-0.3693133294582367,4357,1791075155.762662,2
88043.497474,0.0015435771783813834,0.0007508011185564101,0.03285352513194084,0.03285352513194084,1.5306274890899658,803,26.456558227539062,0.20499999821186066,0.001890069805085659,-0.010276027023792267,-7.605087012052536e-05,0.006040837150067091,-0.008705073036253452,-0.36930832266807556,4358,1791075155.7820659,2
88043.517524,0.0005936388042755425,-0.0019226368749514222,0.03284962475299835,0.03284962475299835,1.5306274890899658,803,27.319992065429688,0.20499999821186066,0.002858549589291215,0.00013550632866099477,0.0004917355254292488,0.0016768320929259062,-0.008768045343458652,-0.3692981004714966,4359,1791075155.8028119,2
88043.537574,-0.0004623666754923761,-0.0003924225165974349,0.03272918611764908,0.03272918611764908,1.5306274890899658,803,27.281906127929688,0.20499999821186066,-0.006491572130471468,0.005400620400905609,6.323307752609253e-05,0.008667265996336937,-0.0025986197870224714,-0.369307279586792,4360,1791075155.822241,2
88043.557624,0.0010372815886512399,-4.310529766371474e-05,0.03280461207032204,0.03280461207032204,1.5306274890899658,803,28.96183967590332,0.20499999821186066,-0.00189514784142375,0.004018254112452269,-0.0013024359941482544,-0.0033626900985836983,0.008320294320583344,-0.36930152773857117,4361,1791075155.841857,2
88043.577675,-0.0002007399161811918,-0.0019349275389686227,0.03281572833657265,0.03281572833657265,1.5306274890899658,803,31.096559524536133,0.20499999821186066,0.0071902950294315815,-0.0019915311131626368,-0.0007687387987971306,0.007761974353343248,-0.0053945560939610004,-0.3692917227745056,4362,1791075155.862689,2
88043.597725,0.0005281013436615467,-7.862419442972168e-05,0.03279656544327736,0.03279656544327736,1.5306274890899658,803,30.939115524291992,0.20499999821186066,-0.010650062002241611,0.01998252049088478,-0.0007911091670393944,0.0043275970965623856,-0.005878251511603594,-0.3692907392978668,4363,1791075155.881972,2
88043.617775,0.0005366806872189045,-0.0011983553413301706,0.032812319695949554,0.032812319695949554,1.5306274890899658,803,28.260953903198242,0.20499999821186066,0.007111256942152977,0.0002666858199518174,0.00026723090559244156,0.0006639778148382902,-0.009873815812170506,-0.369277685880661,4364,1791075155.902477,2
88043.637825,0.0014020444359630346,0.000678825774230063,0.032851289957761765,0.032851289957761765,1.5306274890899658,803,26.404165267944336,0.20499999821186066,0.009948745369911194,-0.0016000145114958286,-0.00014635827392339706,-0.0004216549568809569,0.004324415698647499,-0.36925047636032104,4365,1791075155.922341,2
88043.657876,0.0008271198021247983,-0.00021910366194788367,0.032762665301561356,0.032762665301561356,1.5306274890899658,803,23.389158248901367,0.20499999821186066,0.014893453568220139,-0.007723309565335512,-0.00029815826565027237,-0.004938226193189621,-0.0010425024665892124,-0.3692333996295929,4366,1791075155.942165,2
88043.677926,0.0004934330936521292,0.00011272107803961262,0.03274844214320183,0.03274844214320183,1.5306274890899658,803,27.202491760253906,0.20499999821186066,-0.00791893806308508,0.01778741553425789,0.0006033219397068024,0.0035872296430170536,0.00905443262308836,-0.3692282736301422,4367,1791075155.962898,2
88043.697976,-0.0009690299048088491,-0.00028436662978492677,0.032846640795469284,0.032846640795469284,1.5306274890899658,803,27.492345809936523,0.20499999821186066,0.004383694846183062,0.002197413006797433,0.00010717473924160004,-0.007718837819993496,-0.007588842883706093,-0.3692276179790497,4368,1791075155.98255,2
88043.718026,0.001612650929018855,0.00046178209595382214,0.03283882886171341,0.03283882886171341,1.5306274890899658,803,27.419456481933594,0.20499999821186066,-0.005316318012773991,-0.006944951135665178,0.0005766898393630981,0.006949587259441614,0.003450943622738123,-0.3692159354686737,4369,1791075156.002272,2
88043.738077,0.00025696089142002165,-0.0015609781257808208,0.03280775249004364,0.03280775249004364,1.5306274890899658,803,27.9233341217041,0.20499999821186066,-0.010048387572169304,-0.0027896100655198097,-1.5330500900745392e-05,0.014520563185214996,-0.0007389643578790128,-0.3691967725753784,4370,1791075156.022503,2
88043.758127,0.0004333858087193221,-0.0025127283297479153,0.03277432546019554,0.03277432546019554,1.5306274890899658,803,27.27960777282715,0.20499999821186066,0.0003234049945604056,-0.00038355024298653007,-0.0011879205703735352,0.006078037433326244,-0.004278137814253569,-0.3691885471343994,4371,1791075156.045099,2
88043.778177,0.0012210671557113528,0.0001497379707871005,0.03268978372216225,0.03268978372216225,1.5306274890899658,803,30.353633880615234,0.20499999821186066,-0.003501615021377802,-0.007360802963376045,0.0006675040349364281,0.004618615377694368,-0.009193514473736286,-0.36918771266937256,4372,1791075156.0623732,2
88043.798227,0.0007877806201577187,-0.0002814074687194079,0.032824400812387466,0.032824400812387466,1.5306274890899658,803,28.031932830810547,0.20499999821186066,0.01251713465899229,0.014096718281507492,0.0012211748398840427,0.003773424308747053,-0.0013322202721610665,-0.36916399002075195,4373,1791075156.083369,2
88043.818278,-0.0006530797109007835,-0.0005962493014521897,0.03277898207306862,0.03277898207306862,1.5306274890899658,803,28.9495792388916,0.20499999821186066,-0.007026902865618467,0.002696876646950841,0.001990828663110733,0.000716285896487534,-0.0019440680043771863,-0.36915040016174316,4374,1791075156.1024,2
88043.838328,0.0007499129860661924,-0.0003425705654080957,0.03280753642320633,0.03280753642320633,1.5306274890899658,803,28.63412857055664,0.20499999821186066,-0.01068233884871006,0.005403130780905485,0.0005473950877785683,0.00798131711781025,-0.002767316298559308,-0.3691399395465851,4375,1791075156.122132,2
88043.858378,0.0017838992644101381,-0.0017850914737209678,0.03269669786095619,0.03269669786095619,1.5306274890899658,803,29.807701110839844,0.20499999821186066,-0.004638765938580036,0.0007323134341277182,-0.000970073975622654,0.004113063216209412,-0.00674235075712204,-0.36911725997924805,4376,1791075156.1421912,2
88043.878428,-0.0014452111208811402,0.0002911189803853631,0.0327167809009552,0.0327167809009552,1.5306274890899658,803,29.459596633911133,0.20499999821186066,0.0018890651408582926,0.014048430137336254,0.0007505947723984718,0.0005126838805153966,0.004300347995012999,-0.36912548542022705,4377,1791075156.162942,2
88043.898479,-0.0014214100083336234,-0.001248665270395577,0.03280108794569969,0.03280108794569969,1.5306274890899658,803,28.56419563293457,0.20499999821186066,0.00777748366817832,0.0009546509827487171,0.0013226415030658245,-0.005169981624931097,-0.007738392800092697,-0.36915478110313416,4378,1791075156.1816971,2
88043.918529,-0.000245695497142151,0.0003972747945226729,0.032801441848278046,0.032801441848278046,1.5306274890899658,803,31.396169662475586,0.20499999821186066,-0.00502458680421114,0.007754926104098558,0.002207077108323574,-0.0037806248292326927,-7.54226348362863e-05,-0.3691692054271698,4379,1791075156.2022111,2
88043.938579,5.100953785586171e-05,0.0003384395386092365,0.032831210643053055,0.032831210643053055,1.5306274890899658,803,28.487930297851562,0.20499999821186066,0.004896083381026983,-0.0055062007158994675,-0.0008041588589549065,0.004395416006445885,0.0014936873922124505,-0.3691699206829071,4380,1791075156.2220778,2
88043.958629,0.0022312740329653025,-0.0010109193390235305,0.03273522108793259,0.03273522108793259,1.5306274890899658,803,26.15849494934082,0.20499999821186066,-0.0013543920358642936,-0.0031256440561264753,0.00039026886224746704,-0.0012058747233822942,-0.005678985733538866,-0.3691449463367462,4381,1791075156.24293,2
88043.97868,0.001228547771461308,0.0002141694858437404,0.032755035907030106,0.032755035907030106,1.5306274890899658,803,25.38534927368164,0.20499999821186066,0.0050607724115252495,0.004362114239484072,-0.00020521413534879684,0.0009223195374943316,0.0033747160341590643,-0.36911851167678833,4382,1791075156.262294,2
88043.99873,0.00026408766279928386,-0.0012503574835136533,0.03269614279270172,0.03269614279270172,1.5306274890899658,803,26.9700870513916,0.20499999821186066,-0.002351093105971813,-0.0040981401689350605,-0.0005234619602560997,-0.011439653113484383,-0.0032919493969529867,-0.3691100776195526,4383,1791075156.282645,2
88044.01878,-0.0001791307731764391,-0.0008702706545591354,0.032808396965265274,0.032808396965265274,1.5306274890899658,803,28.149372100830078,0.20499999821186066,0.01604468747973442,0.004064618144184351,0.0005295518785715103,-0.0024443678557872772,-0.0022345439065247774,-0.3691135048866272,4384,1791075156.302099,2
88044.03883,0.0018333985935896635,-0.0009821896674111485,0.03283870965242386,0.03283870965242386,1.5306274890899658,803,25.823835372924805,0.20499999821186066,0.012128262780606747,0.005236374214291573,0.00019718986004590988,0.012543801218271255,-0.00011260550672886893,-0.3690986633300781,4385,1791075156.3224,2
88044.058881,0.0005563187878578901,-0.0006703091785311699,0.0328310951590538,0.0328310951590538,1.5306274890899658,803,28.261703491210938,0.20499999821186066,0.005510452203452587,-0.00615308852866292,-0.001193246804177761,-0.0017320438055321574,-0.0016826796345412731,-0.3690774738788605,4386,1791075156.341215,2
88044.078931,0.0006678509525954723,-0.0005309462430886924,0.032772455364465714,0.032772455364465714,1.5306274890899658,803,25.632610321044922,0.20499999821186066,-0.0008623524336144328,0.010282018221914768,0.00039852503687143326,0.008500630967319012,0.0003029023064300418,-0.36906760931015015,4387,1791075156.3621812,2
88044.098981,0.0004506577970460057,-0.001964684808626771,0.03275025635957718,0.03275025635957718,1.5306274890899658,803,25.544706344604492,0.20499999821186066,-0.012220526114106178,0.00043738563545048237,-0.0017373310402035713,-7.951445877552032e-05,0.004920105449855328,-0.3690670430660248,4388,1791075156.381526,2
88044.119031,-0.001862783683463931,-0.001121452427469194,0.03279035538434982,0.03279035538434982,1.5306274890899658,803,27.96860122680664,0.20499999821186066,-0.004724233876913786,-0.0045617688447237015,0.0011186432093381882,-0.01634429581463337,0.002380872843787074,-0.3690802752971649,4389,1791075156.4022248,2
88044.139081,-0.00055375334341079,-9.175681952910963e-06,0.032788705080747604,0.032788705080747604,1.5306274890899658,803,28.227149963378906,0.20499999821186066,-0.005148505326360464,0.0025163129903376102,0.0021053445525467396,-0.002464864170178771,-0.007478929124772549,-0.3690927028656006,4390,1791075156.421994,2
88044.159132,-0.0006303020636551082,-0.0017879073275253177,0.03281572461128235,0.03281572461128235,1.5306274890899658,803,29.030899047851562,0.20499999821186066,0.003706873394548893,0.012518522329628468,0.0005692336708307266,-0.002359554870054126,-0.0051088533364236355,-0.3690889775753021,4391,1791075156.441658,2
88044.179182,0.0015344589482992887,8.250914106611162e-05,0.03274497762322426,0.03274497762322426,1.5306274890899658,803,26.201398849487305,0.20499999821186066,0.001468866947107017,0.0074807703495025635,-0.0005476968362927437,0.007506810128688812,0.006878342945128679,-0.369081974029541,4392,1791075156.461513,2
88044.199232,0.0006928263464942575,0.00019718259864021093,0.032754383981227875,0.032754383981227875,1.5306274890899658,803,22.900440216064453,0.20499999821186066,0.005272058770060539,0.00507432222366333,-1.6662292182445526e-05,0.0024232694413512945,-0.00256304070353508,-0.36906898021698,4393,1791075156.4829812,2
88044.219282,-0.0005438465159386396,-3.105995347141288e-05,0.032802823930978775,0.032802823930978775,1.5306274890899658,803,29.821090698242188,0.20499999821186066,-0.008181991055607796,-0.008829058147966862,-5.794130265712738e-05,-0.013515803962945938,-0.0008750859997235239,-0.36908209323883057,4394,1791075156.502833,2
88044.239333,-0.0006309489253908396,0.0006151991547085345,0.03281839191913605,0.03281839191913605,1.5306274890899658,803,29.041688919067383,0.20499999821186066,0.004806505050510168,0.005243752617388964,0.0003804154694080353,-0.0008862894610501826,0.011254735291004181,-0.3690980076789856,4395,1791075156.5220008,2
88044.259383,0.0016230765031650662,-0.001204979489557445,0.03281121328473091,0.03281121328473091,1.5306274890899658,803,28.010358810424805,0.20499999821186066,-0.005670629441738129,0.00663313502445817,-0.0006531579419970512,0.015317099168896675,0.006544731557369232,-0.3690849244594574,4396,1791075156.54255,2
88044.279433,0.0016663115238770843,0.0012725041015073657,0.03276410326361656,0.03276410326361656,1.5306274890899658,803,27.317907333374023,0.20499999821186066,-0.0016335012624040246,-0.0008840333903208375,-0.0008361171931028366,0.01185490284115076,0.008376296609640121,-0.3690521717071533,4397,1791075156.562607,2
88044.299483,-0.0005299667827785015,-0.0012039511930197477,0.032719433307647705,0.032719433307647705,1.5306274890899658,803,27.947509765625,0.20499999821186066,0.0010323752649128437,0.008454568684101105,0.0013045319356024265,-0.003395749256014824,0.01598309352993965,-0.36905235052108765,4398,1791075156.581538,2
88044.319534,-0.00012493877147790045,-0.00033907059696502984,0.03281879052519798,0.03281879052519798,1.5306274890899658,803,27.30580711364746,0.20499999821186066,-0.005607939325273037,0.005345778074115515,0.0008422071114182472,-0.0021380234975367785,0.0005290171829983592,-0.3690527379512787,4399,1791075156.602158,2
88044.339584,-7.657868991373107e-05,-0.0006311633624136448,0.032810572534799576,0.032810572534799576,1.5306274890899658,803,29.558565139770508,0.20499999821186066,-0.0051695117726922035,0.008600862696766853,0.0004600435495376587,0.005925462581217289,0.0010677857790142298,-0.36905011534690857,4400,1791075156.622368,2
88044.359634,0.0008988723275251687,-0.0005544001469388604,0.03278119117021561,0.03278119117021561,1.5306274890899658,803,29.186138153076172,0.20499999821186066,-0.0010938231134787202,-0.00013575749471783638,-0.0012270687147974968,-0.0006315932259894907,-0.0019382076570764184,-0.36903417110443115,4401,1791075156.642186,2
88044.379684,-0.00027852191124111414,-0.00034250173484906554,0.03274038806557655,0.03274038806557655,1.5306274890899658,803,30.602733612060547,0.20499999821186066,-0.005162735003978014,-0.004376293625682592,-0.0004622088745236397,0.0027016729582101107,-0.0040466017089784145,-0.3690258264541626,4402,1791075156.662025,2
88044.399734,-9.02423489606008e-05,-0.0003807009197771549,0.0327012874186039,0.0327012874186039,1.5306274890899658,803,27.5201358795166,0.20499999821186066,0.001326298457570374,0.0025864350609481335,-0.0012417193502187729,0.01071749534457922,0.0040787323378026485,-0.36902615427970886,4403,1791075156.681398,2
88044.419785,0.0022817307617515326,-0.0009705065167509019,0.03273646906018257,0.03273646906018257,1.5306274890899658,803,28.5815372467041,0.20499999821186066,-0.00765583012253046,0.0025368512142449617,0.0013356879353523254,0.019194282591342926,-0.016633780673146248,-0.3690044581890106,4404,1791075156.702314,2
88044.439835,-0.00010210555046796799,0.00191397569142282,0.03281141445040703,0.03281141445040703,1.5306274890899658,803,30.25933837890625,0.20499999821186066,0.001969966571778059,-0.005258502904325724,-0.0003580823540687561,-0.008295306004583836,0.011412355117499828,-0.3689819872379303,4405,1791075156.722666,2
88044.459885,0.0002943376312032342,0.000719416537322104,0.0328109934926033,0.0328109934926033,1.5306274890899658,803,30.038738250732422,0.20499999821186066,-0.0006904116598889232,0.008605369366705418,-0.00042386259883642197,-0.008020313456654549,0.004286797717213631,-0.36897605657577515,4406,1791075156.7441778,2
88044.479935,0.0017490393947809935,-0.0024218775797635317,0.03281022608280182,0.03281022608280182,1.5306274890899658,803,29.25394630432129,0.20499999821186066,-0.007143295835703611,-0.0001990342716453597,-0.0007564909756183624,0.016211075708270073,-0.007072316948324442,-0.36896470189094543,4407,1791075156.762075,2
88044.499986,0.0006053006509318948,-0.0009028699714690447,0.03273097053170204,0.03273097053170204,1.5306274890899658,803,29.88599395751953,0.20499999821186066,-0.017152246087789536,-0.0009124957723543048,0.0002730870619416237,0.008580142632126808,-0.014267382211983204,-0.3689277172088623,4408,1791075156.782283,2
88044.520036,0.0004957377095706761,0.0010969034628942609,0.03270658478140831,0.03270658478140831,1.5306274890899658,803,26.025115966796875,0.20499999821186066,-0.005286105442792177,0.019980501383543015,-0.00021107587963342667,0.004618667531758547,0.01924661360681057,-0.3689269423484802,4409,1791075156.801316,2
88044.540086,-6.354590004775673e-05,0.00011763182556023821,0.03281287103891373,0.03281287103891373,1.5306274890899658,803,28.102060317993164,0.20499999821186066,-0.0022448014933615923,0.0025778054259717464,0.0003223549574613571,0.0014450798043981194,0.009904497303068638,-0.36892464756965637,4410,1791075156.8229492,2
88044.560136,-0.0004061023937538266,-0.002000767271965742,0.032848287373781204,0.032848287373781204,1.5306274890899658,803,27.121273040771484,0.20499999821186066,-0.004613758996129036,0.008629640564322472,7.388275116682053e-05,-0.007313166279345751,-0.006335030775517225,-0.36891335248947144,4411,1791075156.842828,2
88044.580187,-6.42904924461618e-05,-0.0010568001307547092,0.0328054204583168,0.0328054204583168,1.5306274890899658,803,27.82022476196289,0.20499999821186066,-0.012670936994254589,0.007305838633328676,-0.0005756625905632973,-0.009673791006207466,0.002568453084677458,-0.36890581250190735,4412,1791075156.862203,2
88044.600237,0.0014393822057172656,-0.0002509083424229175,0.0327412374317646,0.0327412374317646,1.5306274890899658,803,29.155908584594727,0.20499999821186066,-0.001957216765731573,0.00278804381377995,-0.0006741993129253387,0.004274269100278616,0.0006398856057785451,-0.3688904643058777,4413,1791075156.882381,2
88044.620287,-0.0005167937488295138,-0.0008734342409297824,0.03273254632949829,0.03273254632949829,1.5306274890899658,803,30.59121322631836,0.20499999821186066,-0.005252440460026264,0.002719483571127057,-0.0005245301872491837,-0.001436656340956688,0.0010191425681114197,-0.36888450384140015,4414,1791075156.902242,2
88044.640337,-0.00011436398926889524,-0.0003870105720125139,0.03281336650252342,0.03281336650252342,1.5306274890899658,803,27.2509765625,0.20499999821186066,-0.0075123668648302555,-0.00223593320697546,-0.000466739758849144,0.004301408305764198,-0.010630118660628796,-0.3688828945159912,4415,1791075156.9224682,2
88044.660388,-0.002253205981105566,0.000365813379175961,0.03281928226351738,0.03281928226351738,1.5306274890899658,803,29.015274047851562,0.20499999821186066,0.012078268453478813,-0.0026389507111161947,0.0008624442853033543,-0.01712985336780548,0.001118859858252108,-0.3688959777355194,4416,1791075156.941215,2
88044.680438,0.0004995499039068818,-0.0007418452296406031,0.03281491994857788,0.03281491994857788,1.5306274890899658,803,29.5987606048584,0.20499999821186066,0.0041860719211399555,0.001982246059924364,-0.0002539530396461487,0.004530115053057671,-0.0038264095783233643,-0.3688943386077881,4417,1791075156.962296,2
88044.700488,-0.0011662705801427364,-0.0020264633931219578,0.03273409977555275,0.03273409977555275,1.5306274890899658,803,27.70198631286621,0.20499999821186066,0.003961122129112482,0.0181661956012249,0.001134619116783142,0.002738449489697814,-0.0216692965477705,-0.3688906729221344,4418,1791075156.982953,2
88044.720538,0.00013880283222533762,-0.0005652126274071634,0.03273957222700119,0.03273957222700119,1.5306274890899658,803,26.12786865234375,0.20499999821186066,0.003209189511835575,0.011373317800462246,0.0002672281116247177,0.004290000535547733,8.256587898358703e-05,-0.3688911199569702,4419,1791075157.002671,2
88044.740588,0.0007750701624900103,-0.0007462101057171822,0.03282551094889641,0.03282551094889641,1.5306274890899658,803,26.374832153320312,0.20499999821186066,0.005483801942318678,0.005287226755172014,0.0012994688004255295,0.007973004132509232,-0.0012909502256661654,-0.3688708245754242,4420,1791075157.0224981,2
88044.760639,-0.0003223961975891143,0.0003306898579467088,0.032843347638845444,0.032843347638845444,1.5306274890899658,803,29.16218376159668,0.20499999821186066,0.0006054003024473786,0.007892856374382973,0.0012930775992572308,-0.0022594595793634653,-0.00482572428882122,-0.3688664138317108,4421,1791075157.0430322,2
88044.780689,-0.00039371615275740623,-0.0009229376446455717,0.03280913829803467,0.03280913829803467,1.5306274890899658,803,31.888477325439453,0.20499999821186066,0.0011838029604405165,0.0028297812677919865,0.0005111731588840485,-0.0005444918060675263,-0.010726344771683216,-0.3688749074935913,4422,1791075157.062242,2
88044.800739,0.000666654494125396,0.0009958347072824836,0.03272201493382454,0.03272201493382454,1.5306274890899658,803,28.463777542114258,0.20499999821186066,0.005641695577651262,-0.003282907884567976,-0.0005226656794548035,0.0034061374608427286,-0.0014581261202692986,-0.36886346340179443,4423,1791075157.08236,2
88044.820789,0.0008401048253290355,0.0006512667168863118,0.03287788853049278,0.03287788853049278,1.5306274890899658,803,30.461082458496094,0.20499999821186066,-0.004485365469008684,0.00024312229652423412,-0.00042279716581106186,0.007538896054029465,0.0032657580450177193,-0.36884933710098267,4424,1791075157.1023371,2
88044.84084,0.0010038601467385888,-0.0017692887922748923,0.03270081803202629,0.03270081803202629,1.5306274890899658,803,28.935544967651367,0.20499999821186066,-0.008207929320633411,0.0029602174181491137,-0.0008118851110339165,0.006888441275805235,-0.0034299585968255997,-0.3688259422779083,4425,1791075157.122298,2
88044.86089,-0.0016533726593479514,0.0004895462770946324,0.03280726075172424,0.03280726075172424,1.5306274890899658,803,29.632658004760742,0.20499999821186066,-0.0037874095141887665,0.004275443032383919,-0.0006246650591492653,-0.011695647612214088,0.002226652344688773,-0.36881428956985474,4426,1791075157.1425972,2
88044.88094,0.0008421612437814474,0.0014810634311288595,0.03283943235874176,0.03283943235874176,1.5306274890899658,803,25.573896408081055,0.20499999821186066,-0.00894090160727501,0.011270064860582352,0.0008866791613399982,0.000846658309455961,0.005623136647045612,-0.36881572008132935,4427,1791075157.162483,2
88044.90099,-0.00013116555055603385,0.00010498220945009962,0.03285662457346916,0.03285662457346916,1.5306274890899658,803,25.51983070373535,0.20499999821186066,0.005389711819589138,-0.0011486951261758804,0.00032874662429094315,-0.0021732018794864416,0.007088230457156897,-0.36879944801330566,4428,1791075157.182375,2
88044.921041,0.00029626753530465066,0.0007620092947036028,0.03276240825653076,0.03276240825653076,1.5306274890899658,803,25.089595794677734,0.20499999821186066,0.0076675754971802235,0.0008018441731110215,0.0009772265329957008,0.0019901262130588293,-0.0012453519739210606,-0.3688042461872101,4429,1791075157.201219,2
88044.941091,0.00018215880845673382,-0.0006743327830918133,0.032721471041440964,0.032721471041440964,1.5306274890899658,803,29.841279983520508,0.20499999821186066,-0.011067246086895466,0.012811784632503986,-0.0007935091853141785,0.012908601202070713,0.0030031050555408,-0.36879417300224304,4430,1791075157.222525,2
88044.961142,0.0006262974347919226,0.0014309759717434645,0.03281085193157196,0.03281085193157196,1.5306274890899658,803,27.88094139099121,0.20499999821186066,0.003032444743439555,0.011401290073990822,-0.0012742094695568085,0.011075821705162525,0.012693354859948158,-0.36879172921180725,4431,1791075157.2416909,2
88044.981192,-0.0006786520243622363,0.0011996746761724353,0.03280705213546753,0.03280705213546753,1.5306274890899658,803,29.14897346496582,0.20499999821186066,-0.0024765278212726116,-0.0030246039386838675,-0.00021693482995033264,0.007051510736346245,0.01626081019639969,-0.3687759041786194,4432,1791075157.262313,2
88045.001243,0.0009201060747727752,0.0007965852273628116,0.03279906138777733,0.03279906138777733,1.5306274890899658,803,31.313278198242188,0.20499999821186066,-0.000999477575533092,0.002817119238898158,-0.0005152085795998573,0.0042205494828522205,0.01193122286349535,-0.36878353357315063,4433,1791075157.281616,2
88045.021293,-8.712776616448537e-05,-0.00108675891533494,0.03278535604476929,0.03278535604476929,1.5306274890899658,803,25.09992027282715,0.20499999821186066,-0.0023348177783191204,0.0030814807396382093,-0.0013272063806653023,-0.008574326522648335,-0.0017804119270294905,-0.3687669038772583,4434,1791075157.302482,2
88045.041343,0.001389239332638681,-0.0006585190421901643,0.03269300237298012,0.03269300237298012,1.5306274890899658,803,27.22874641418457,0.20499999821186066,0.003748685121536255,0.006271664053201675,0.0003061098977923393,-0.008058791048824787,-0.00260072760283947,-0.3687635362148285,4435,1791075157.322557,2
88045.061393,0.00041739203152246773,0.0006632517324760556,0.032817281782627106,0.032817281782627106,1.5306274890899658,803,30.165021896362305,0.20499999821186066,-3.510784517857246e-05,0.009812658652663231,0.00042968057096004486,0.003008064581081271,0.006317275110632181,-0.368741899728775,4436,1791075157.3420439,2
88045.081443,-0.0012782443081960082,-0.0006135388393886387,0.03279950097203255,0.03279950097203255,1.5306274890899658,803,28.475252151489258,0.20499999821186066,0.002646952634677291,0.013497055508196354,-0.0007666116580367088,-0.011426986195147038,-0.0029681974556297064,-0.3687474727630615,4437,1791075157.362328,2
88045.101494,0.0018440710846334696,5.901096301386133e-05,0.03283124044537544,0.03283124044537544,1.5306274890899658,803,25.802776336669922,0.20499999821186066,0.0028190212324261665,-0.0012745842104777694,0.0005465932190418243,0.015275126323103905,-0.0034767771139740944,-0.36874279379844666,4438,1791075157.382347,2
88045.121544,0.0004885179223492742,-3.8334965211106464e-05,0.03274436667561531,0.03274436667561531,1.5306274890899658,803,27.989770889282227,0.20499999821186066,0.0021220154594630003,-0.005628462880849838,-0.0036460207775235176,-0.0036558739375323057,0.008081293664872646,-0.36872589588165283,4439,1791075157.4022589,2
88045.141594,0.0001738211722113192,-0.001113356207497418,0.032717689871788025,0.032717689871788025,1.5306274890899658,803,28.40630531311035,0.20499999821186066,0.005732113961130381,0.01084008626639843,0.0009676390327513218,-0.006984076928347349,0.00197524088434875,-0.36871665716171265,4440,1791075157.4221811,2
88045.161644,0.0007956897607073188,-0.0002864972339011729,0.03283749893307686,0.03283749893307686,1.5306274890899658,803,29.538732528686523,0.20499999821186066,-0.009203553199768066,0.005739647429436445,-4.3828971683979034e-05,-0.0002491922350600362,-0.003508035559207201,-0.3687056005001068,4441,1791075157.442909,2
88045.181695,-0.000651960785035044,-0.0002671286929398775,0.03285960108041763,0.03285960108041763,1.5306274890899658,803,23.558189392089844,0.20499999821186066,-0.0023959369864314795,0.0035186060704290867,0.0011082538403570652,-0.009647336788475513,-0.007726331241428852,-0.3687029480934143,4442,1791075157.462325,2
88045.201745,5.970326583337737e-06,-0.00018058875866699964,0.03281252086162567,0.03281252086162567,1.5306274890899658,803,31.282569885253906,0.20499999821186066,0.006921214051544666,0.009641744196414948,0.00016043521463871002,-0.002007587580010295,-0.011453729122877121,-0.3687044084072113,4443,1791075157.4822578,2
88045.221795,0.001152616343460977,-0.0005703296628780663,0.032798223197460175,0.032798223197460175,1.5306274890899658,803,29.98993682861328,0.20499999821186066,-0.001758826314471662,0.006806868128478527,0.0002938592806458473,0.0005813312018290162,-0.007761443965137005,-0.36868906021118164,4444,1791075157.502323,2
88045.241845,0.0001001595301204361,0.0005469114403240383,0.03271249681711197,0.03271249681711197,1.5306274890899658,803,30.640199661254883,0.20499999821186066,-0.003671290585771203,0.013013724237680435,0.0014030658639967442,0.0020022005774080753,-0.0028342190198600292,-0.36867019534111023,4445,1791075157.5229561,2
88045.261896,-0.00023231357045006007,-0.0018171090632677078,0.032686613500118256,0.032686613500118256,1.5306274890899658,803,31.069313049316406,0.20499999821186066,0.01233901921659708,0.006620259489864111,-0.0004097474738955498,-0.001713494653813541,-0.002134576439857483,-0.36867955327033997,4446,1791075157.5424798,2
88045.281946,0.0008008757722564042,4.312243981985375e-05,0.03279171139001846,0.03279171139001846,1.5306274890899658,803,30.525676727294922,0.20499999821186066,0.0020223362371325493,0.006654004100710154,0.00036043860018253326,-0.0024931447114795446,0.0011711020488291979,-0.36867058277130127,4447,1791075157.5655,2
88045.301996,-0.0002772838925011456,0.0009097918518818915,0.03277513384819031,0.03277513384819031,1.5306274890899658,803,28.91127586364746,0.20499999821186066,-0.006041673012077808,0.003711122553795576,0.0009154411964118481,0.00772014819085598,-0.0016644204733893275,-0.36866122484207153,4448,1791075157.58238,2
88045.322046,0.0005391011945903301,0.0003037390415556729,0.032774023711681366,0.032774023711681366,1.5306274890899658,803,31.89795684814453,0.20499999821186066,-0.013794442638754845,0.0024672462604939938,0.0007607117295265198,0.00656576082110405,-0.002515485743060708,-0.3686513602733612,4449,1791075157.602413,2
88045.342097,0.0010956721380352974,0.0005779442144557834,0.03269839286804199,0.03269839286804199,1.5306274890899658,803,29.0152645111084,0.20499999821186066,-0.013059479184448719,0.013402140699326992,3.5266391932964325e-05,-0.003033597255125642,-0.004398464225232601,-0.36864230036735535,4450,1791075157.6213021,2
88045.362147,0.0010735922260209918,-0.0010700910352170467,0.032762881368398666,0.032762881368398666,1.5306274890899658,803,27.114416122436523,0.20499999821186066,-0.0003981507325079292,0.018017197027802467,0.00015031546354293823,0.0027170018292963505,0.004983733873814344,-0.36864060163497925,4451,1791075157.642187,2
88045.382197,0.0014085028087720275,-0.00020569168555084616,0.032814640551805496,0.032814640551805496,1.5306274890899658,803,28.589448928833008,0.20499999821186066,0.002075399737805128,-0.002697103889659047,-0.0010334597900509834,0.012978223152458668,0.002134916139766574,-0.36861222982406616,4452,1791075157.662067,2
88045.402247,0.0007376052672043443,-0.001489058369770646,0.03281484916806221,0.03281484916806221,1.5306274890899658,803,28.80535888671875,0.20499999821186066,0.00021859291882719845,-0.010151770897209644,0.00021698232740163803,0.010124177671968937,-0.0012604082003235817,-0.3685939311981201,4453,1791075157.6822772,2
88045.422298,0.0004934992175549269,0.0001380276371492073,0.0328250452876091,0.0328250452876091,1.5306274890899658,803,27.08397102355957,0.20499999821186066,-0.0029197598341852427,0.0021481874864548445,-0.0008530756458640099,0.011810852214694023,9.381182462675497e-05,-0.3685879111289978,4454,1791075157.702454,2
88045.442348,0.0013832270633429289,0.0016606261488050222,0.0327463373541832,0.0327463373541832,1.5306274890899658,803,24.612071990966797,0.20499999821186066,0.0021112016402184963,0.005049837753176689,0.0016329851932823658,0.007867288775742054,-0.00040552570135332644,-0.36856144666671753,4455,1791075157.722201,2
88045.462398,-0.0011399476788938046,-0.001418042229488492,0.0327104777097702,0.0327104777097702,1.5306274890899658,803,26.527177810668945,0.20499999821186066,-0.012763218022882938,0.008182920515537262,-0.0008658589795231819,0.00838516652584076,-0.0010379160521551967,-0.3685583472251892,4456,1791075157.742363,2
88045.482448,0.0007265052408911288,-0.0021995205897837877,0.03285740315914154,0.03285740315914154,1.5306274890899658,803,27.239458084106445,0.20499999821186066,-0.0021773623302578926,0.011487524956464767,0.0005645249038934708,0.009495347738265991,-0.010500578209757805,-0.36855077743530273,4457,1791075157.763365,2
88045.502499,0.0006114405696280301,-0.00024940792354755104,0.032824184745550156,0.032824184745550156,1.5306274890899658,803,29.43731117248535,0.20499999821186066,0.010472221300005913,0.008827799931168556,-0.0005111256614327431,0.005772962234914303,-0.0008962082210928202,-0.3685425817966461,4458,1791075157.782424,2
88045.522549,-5.1474013162078336e-05,-0.0007512411684729159,0.03287418559193611,0.03287418559193611,1.5306274890899658,803,24.38844871520996,0.20499999821186066,-0.007866696454584599,0.010099298320710659,0.0004888912662863731,-0.0029368139803409576,-0.004317487124353647,-0.3685263395309448,4459,1791075157.8023622,2
88045.542599,0.0002836632775142789,-0.00037339830305427313,0.03270906209945679,0.03270906209945679,1.5306274890899658,803,27.461910247802734,0.20499999821186066,-0.004013163037598133,-0.001070934347808361,-8.182413876056671e-05,0.011544457636773586,0.014063817448914051,-0.3685248792171478,4460,1791075157.822348,2
88045.562649,-0.00011177185660926625,0.0008359794737771153,0.032764557749032974,0.032764557749032974,1.5306274890899658,803,24.914981842041016,0.20499999821186066,0.004181980155408382,-0.0018134152051061392,-0.0003212420269846916,0.0033488781191408634,-0.00972680188715458,-0.3685154914855957,4461,1791075157.8426921,2
88045.5827,0.000311142997816205,-0.0016286560567095876,0.03278680518269539,0.03278680518269539,1.5306274890899658,803,31.600505828857422,0.20499999821186066,0.002225293079391122,-0.006499843671917915,-0.00012123864144086838,0.008192185312509537,-0.004547773394733667,-0.368514746427536,4462,1791075157.862401,2
88045.60275,0.0007532095187343657,-0.0001591646287124604,0.03279287740588188,0.03279287740588188,1.5306274890899658,803,30.62633514404297,0.20499999821186066,0.0006663549575023353,0.010702667757868767,0.001042296178638935,0.0010024160146713257,0.003319777548313141,-0.36849385499954224,4463,1791075157.881831,2
88045.6228,0.0009748851298354566,0.0008688337402418256,0.0328398235142231,0.0328398235142231,1.5306274890899658,803,27.879487991333008,0.20499999821186066,-0.0015288901049643755,0.011347020976245403,-0.0009825052693486214,0.010631250217556953,0.006298519670963287,-0.36849281191825867,4464,1791075157.9025338,2
88045.64285,-0.00029747310327365994,-0.0005059588584117591,0.03287309408187866,0.03287309408187866,1.5306274890899658,803,25.75020980834961,0.20499999821186066,0.008751461282372475,0.01158978696912527,-0.0005265716463327408,-0.010996673256158829,-0.0027487431652843952,-0.36848214268684387,4465,1791075157.922229,2
88045.662901,-0.0006322732660919428,-0.0004040990606881678,0.03273111954331398,0.03273111954331398,1.5306274890899658,803,29.710968017578125,0.20499999821186066,-0.008962401188910007,0.021974680945277214,-0.00034414511173963547,-0.006608085706830025,-0.0029905003029853106,-0.36847320199012756,4466,1791075157.942039,2
88045.682951,0.0018148761009797454,6.936944555491209e-05,0.03272876515984535,0.03272876515984535,1.5306274890899658,803,30.363685607910156,0.20499999821186066,-0.0044318814761936665,0.010203449055552483,-0.00019447598606348038,0.005872991867363453,-0.0005523787694983184,-0.3684656620025635,4467,1791075157.962591,2
88045.703001,-0.0006299408851191401,-0.00029122442356310785,0.03282846882939339,0.03282846882939339,1.5306274890899658,803,29.639211654663086,0.20499999821186066,0.0032689387444406748,0.008389333263039589,0.00044122058898210526,-0.003876295406371355,-0.0048918030224740505,-0.3684629499912262,4468,1791075157.981977,2
88045.723051,0.00052845902973786,0.00036984236794523895,0.032775163650512695,0.032775163650512695,1.5306274890899658,803,28.28491973876953,0.20499999821186066,-0.006841517984867096,0.00015621690545231104,-0.001076514832675457,0.007577255833894014,-0.004544767551124096,-0.3684627413749695,4469,1791075158.001659,2
88045.743102,4.381978669698583e-06,0.0011167330667376518,0.03281201794743538,0.03281201794743538,1.5306274890899658,803,26.421173095703125,0.20499999821186066,-0.003961761482059956,0.0014623459428548813,0.0004303017631173134,-0.001575660309754312,0.022837797179818153,-0.3684748113155365,4470,1791075158.022561,2
88045.753127,0.0005996353575028479,0.0008428264409303665,0.03284792602062225,0.03284792602062225,1.5306274890899658,803,26.943151473999023,0.20499999821186066,-0.010635393671691418,0.006712824106216431,9.021628648042679e-05,0.0036072642542421818,0.00511175999417901,-0.36847177147865295,4471,1791075158.041569,2
88045.783202,-3.700647312143701e-06,-3.2866377296159044e-05,0.03269364312291145,0.03269364312291145,1.5306274890899658,803,31.556264877319336,0.20499999821186066,0.0035655286628752947,0.003389255376532674,0.0005839662626385689,-0.0008042525732889771,0.0034837559796869755,-0.3684704899787903,4472,1791075158.0625558,2
88045.793227,0.0022423674818128347,0.0006013401434756815,0.03281780332326889,0.03281780332326889,1.5306274890899658,803,27.897153854370117,0.20499999821186066,0.0019334157695993781,0.0015728285070508718,0.0001352233812212944,0.008780264295637608,0.00416924711316824,-0.3684592545032501,4473,1791075158.0822191,2
88045.823303,0.0007137233624234796,-0.0011941427364945412,0.03285231441259384,0.03285231441259384,1.5306274890899658,803,26.590103149414062,0.20499999821186066,-0.006924885790795088,0.010020551271736622,-0.0001958077773451805,0.004242553375661373,-0.0012562678894028068,-0.36841878294944763,4474,1791075158.101963,2
88045.843353,-0.0007682389114052057,0.0006447031628340483,0.032858334481716156,0.032858334481716156,1.5306274890899658,803,25.181371688842773,0.20499999821186066,-0.013941796496510506,0.013219749554991722,0.0006074020639061928,0.004092812538146973,0.006633205339312553,-0.3684198558330536,4475,1791075158.122609,2
88045.863403,0.00042956447578035295,-6.40872458461672e-05,0.03276268392801285,0.03276268392801285,1.5306274890899658,803,25.484296798706055,0.20499999821186066,-0.003893116721883416,-0.0017335115699097514,0.0004284372553229332,-0.0005260022007860243,0.0024306185077875853,-0.3684201240539551,4476,1791075158.1422231,2
88045.883453,0.0002992415684275329,-0.0005939752445556223,0.03271855413913727,0.03271855413913727,1.5306274890899658,803,31.59401512145996,0.20499999821186066,0.017013514414429665,0.0062477742321789265,0.00046891719102859497,0.00175229471642524,0.0011403803946450353,-0.3684048652648926,4477,1791075158.162325,2
88045.893478,0.0010284625459462404,0.0016081209760159254,0.032833460718393326,0.032833460718393326,1.5306274890899658,803,25.826255798339844,0.20499999821186066,-0.007626147475093603,0.014289011247456074,0.0004587974399328232,0.005727008450776339,-0.00044913942110724747,-0.3683982193470001,4478,1791075158.1820428,2
88045.923554,0.0005667525110766292,-0.0021328809671103954,0.03284662589430809,0.03284662589430809,1.5306274890899658,803,26.230680465698242,0.20499999821186066,-0.004934771452099085,7.79469046392478e-05,0.001562145072966814,-0.0009221201180480421,-0.01578785851597786,-0.3683817982673645,4479,1791075158.202345,2
88045.943604,-0.0007862368947826326,9.917132410919294e-05,0.03283770754933357,0.03283770754933357,1.5306274890899658,803,27.863622665405273,0.20499999821186066,-0.00028924699290655553,0.0062408787198364735,-0.00031831301748752594,0.00261972495354712,-0.0004629978211596608,-0.3683827221393585,4480,1791075158.223098,2
88045.963653,0.0009474068647250533,2.3635288016521372e-05,0.03269587457180023,0.03269587457180023,1.5306274890899658,803,31.000688552856445,0.20499999821186066,0.011844842694699764,0.00913257710635662,0.0003714459016919136,-0.0028991864528506994,-0.0048120650462806225,-0.3683820962905884,4481,1791075158.24245,2
88045.973678,-0.0002455117064528167,-0.00048692876589484513,0.03278942406177521,0.03278942406177521,1.5306274890899658,803,30.218608856201172,0.20499999821186066,0.008928955532610416,0.006805737968534231,-0.0009596021845936775,0.000925398722756654,-8.782115764915943e-05,-0.36837857961654663,4482,1791075158.263083,2
88045.993729,-0.0002965740277431905,-0.0019658030942082405,0.032843224704265594,0.032843224704265594,1.5306274890899658,803,26.662668228149414,0.20499999821186066,-0.006336619146168232,-0.0011602520244196057,-0.0015313830226659775,0.0029224527534097433,-0.010587361641228199,-0.3683716952800751,4483,1791075158.2823591,2
88046.023804,0.0008063625427894294,-0.00016385311027988791,0.03283723443746567,0.03283723443746567,1.5306274890899658,803,28.60140609741211,0.20499999821186066,0.008067425340414047,0.012491120025515556,-0.0005571981891989708,-0.0007207919843494892,-0.004869171883910894,-0.3683681786060333,4484,1791075158.302262,2
88046.033829,-0.0011655886191874743,-0.00023619862622581422,0.03271804749965668,0.03271804749965668,1.5306274890899658,803,29.937150955200195,0.20499999821186066,0.003561802441254258,0.00804025400429964,-0.0009295083582401276,-0.002358553931117058,-0.0038149470929056406,-0.3683699667453766,4485,1791075158.321336,2
88046.053879,0.0003090605605393648,0.00039550531073473394,0.03273759037256241,0.03273759037256241,1.5306274890899658,803,28.113351821899414,0.20499999821186066,-0.0020005260594189167,0.008833719417452812,-0.000726841390132904,-0.0025774557143449783,0.003958561923354864,-0.3683702051639557,4486,1791075158.3424158,2
88046.07393,0.0007449554977938533,0.001211961847729981,0.03281182795763016,0.03281182795763016,1.5306274890899658,803,29.565404891967773,0.20499999821186066,-0.0032110344618558884,0.0006263494724407792,0.0004926333203911781,-0.0005695034051313996,0.016377806663513184,-0.36837849020957947,4487,1791075158.362797,2
88046.09398,-0.00014784239465370774,-0.0009675253531895578,0.03285546973347664,0.03285546973347664,1.5306274890899658,803,26.664039611816406,0.20499999821186066,-0.0018308686558157206,0.0009041994344443083,0.00020794104784727097,0.0032635494135320187,-0.01058916561305523,-0.36837291717529297,4488,1791075158.382269,2
88046.11403,9.378851973451674e-05,-0.0006860956200398505,0.03283488750457764,0.03283488750457764,1.5306274890899658,803,23.476974487304688,0.20499999821186066,0.003053067484870553,0.002383694052696228,-0.0007723681628704071,-0.004861314315348864,0.003498025005683303,-0.3683595061302185,4489,1791075158.40222,2
88046.13408,0.0019271173514425755,0.0017356021562591195,0.03271365910768509,0.03271365910768509,1.5306274890899658,803,24.66703224182129,0.20499999821186066,-0.012609251774847507,-0.0027661584317684174,-0.0010037971660494804,0.009837115183472633,0.011712186969816685,-0.36833614110946655,4490,1791075158.4225368,2
88046.15413,-0.002246236428618431,-0.000828934833407402,0.03269747272133827,0.03269747272133827,1.5306274890899658,803,28.089458465576172,0.20499999821186066,-0.011926146224141121,0.0024378227535635233,0.0006484277546405792,-0.004528032150119543,-0.015366142615675926,-0.36834317445755005,4491,1791075158.44168,2
88046.174181,-0.0013885470107197762,-0.0009840141283348203,0.03280343860387802,0.03280343860387802,1.5306274890899658,803,30.25914764404297,0.20499999821186066,0.005068809259682894,-0.0013666532468050718,-0.001098073087632656,-0.0013111052103340626,-0.007986275479197502,-0.3683750331401825,4492,1791075158.462291,2
88046.194231,-0.00048796916962601244,0.000161634263349697,0.032774683088064194,0.032774683088064194,1.5306274890899658,803,31.478269577026367,0.20499999821186066,0.0036759120412170887,0.01161667238920927,7.79787078499794e-05,-0.005316820926964283,-0.0029532660264521837,-0.3683830499649048,4493,1791075158.4824371,2
88046.214281,-0.0005243709310889244,-0.0005520314443856478,0.032834492623806,0.032834492623806,1.5306274890899658,803,26.39311981201172,0.20499999821186066,0.005135426763445139,-0.0031137687619775534,-0.0008543934673070908,0.0014720492763444781,0.002533153397962451,-0.3683880865573883,4494,1791075158.5023072,2
88046.234331,-0.0001962319074664265,0.00017148975166492164,0.032734934240579605,0.032734934240579605,1.5306274890899658,803,28.573362350463867,0.20499999821186066,-0.008571319282054901,0.004055825062096119,-9.193085134029388e-05,-0.0007940733339637518,0.0005096563254483044,-0.3683880567550659,4495,1791075158.5226939,2
88046.254382,-0.00012544692435767502,0.000905998982489109,0.03274529427289963,0.03274529427289963,1.5306274890899658,803,28.691255569458008,0.20499999821186066,0.0010479929624125361,-0.0015123693738132715,-0.00027702096849679947,-0.004118103533983231,0.002093683695420623,-0.368389755487442,4496,1791075158.542331,2
88046.274432,0.0010668133618310094,-0.000863228109665215,0.03280876576900482,0.03280876576900482,1.5306274890899658,803,29.42214012145996,0.20499999821186066,0.010337562300264835,0.001081203343346715,0.000990644097328186,0.0031918480526655912,-0.012300627306103706,-0.3683888912200928,4497,1791075158.562172,2
88046.294482,5.072018029750325e-05,0.0010494516463950276,0.03281985595822334,0.03281985595822334,1.5306274890899658,803,31.68423843383789,0.20499999821186066,0.006574391853064299,0.003186620306223631,-0.000918310135602951,0.003228716319426894,0.014774441719055176,-0.36836957931518555,4498,1791075158.582221,2
88046.314532,0.0005216490826569498,-0.0005832585738971829,0.03281961753964424,0.03281961753964424,1.5306274890899658,803,26.79241180419922,0.20499999821186066,-7.74308864492923e-05,0.005909254774451256,0.0003661327064037323,0.003931477665901184,-0.00854492001235485,-0.3683401346206665,4499,1791075158.6022558,2
88046.334583,-0.0008997282129712403,-0.0010632474441081285,0.03276664391160011,0.03276664391160011,1.5306274890899658,803,27.269960403442383,0.20499999821186066,-0.011696812696754932,-0.003317073918879032,0.000515536405146122,-0.010519699193537235,-0.0033490564674139023,-0.36834782361984253,4500,1791075158.622099,2
88046.354633,0.0013538976199924946,-0.002385419327765703,0.032706119120121,0.032706119120121,1.5306274890899658,803,29.83336067199707,0.20499999821186066,0.001352455816231668,0.010447492823004723,0.00042392313480377197,0.006064441986382008,-0.0019672103226184845,-0.36835604906082153,4501,1791075158.6425421,2
88046.374683,0.0006011167424730957,-0.0004948453861288726,0.03282007575035095,0.03282007575035095,1.5306274890899658,803,27.45439338684082,0.20499999821186066,0.006286423187702894,0.008207687176764011,2.6114284992218018e-06,-0.0011547425528988242,0.006127967499196529,-0.3683432638645172,4502,1791075158.66227,2
88046.394733,-0.0008316296734847128,0.0012215898605063558,0.032831333577632904,0.032831333577632904,1.5306274890899658,803,28.183080673217773,0.20499999821186066,-0.0010998144280165434,0.002975541865453124,-0.0008890153840184212,-0.00836732517927885,0.009475868195295334,-0.3683575689792633,4503,1791075158.682373,2
88046.414784,0.0023448134306818247,-0.0004609460011124611,0.03280199319124222,0.03280199319124222,1.5306274890899658,803,27.363588333129883,0.20499999821186066,0.004272197373211384,0.004159269388765097,0.0005940990522503853,0.018522828817367554,-0.0009310481254942715,-0.3683391511440277,4504,1791075158.702587,2
88046.434834,-0.00044627260649576783,0.00034167966805398464,0.032831694930791855,0.032831694930791855,1.5306274890899658,803,29.791690826416016,0.20499999821186066,0.00011431056191213429,0.0020182067528367043,-0.0017396286129951477,0.0010318245040252805,0.003926347941160202,-0.36830538511276245,4505,1791075158.722532,2
88046.454884,0.0001635183725738898,0.0010753776878118515,0.032712068408727646,0.032712068408727646,1.5306274890899658,803,27.609413146972656,0.20499999821186066,3.375613960088231e-05,0.00020558388496283442,-0.0018642647191882133,-0.0015608117682859302,-8.654397970531136e-05,-0.3683116137981415,4506,1791075158.742222,2
88046.474934,0.0013801847817376256,0.0006163945072330534,0.03272121399641037,0.03272121399641037,1.5306274890899658,803,28.474422454833984,0.20499999821186066,0.006560600828379393,-0.0037810758221894503,-0.0009215055033564568,0.009607038460671902,-0.006569091230630875,-0.36829668283462524,4507,1791075158.76284,2
88046.494985,-0.0016884611686691642,0.0008551440550945699,0.03278985247015953,0.03278985247015953,1.5306274890899658,803,30.34800148010254,0.20499999821186066,-0.0016952413134276867,0.011962352320551872,0.0003741225227713585,0.0003317224036436528,0.006279431749135256,-0.3682977855205536,4508,1791075158.7821429,2
88046.515035,0.0005037153023295105,-1.9500495909596793e-05,0.03284647315740585,0.03284647315740585,1.5306274890899658,803,25.346460342407227,0.20499999821186066,-0.0036926257889717817,0.015365866012871265,0.0005184654146432877,-0.0003895486006513238,0.002356575336307287,-0.3683054447174072,4509,1791075158.80246,2
88046.535085,0.00023492664331570268,-0.0002799390349537134,0.032815951853990555,0.032815951853990555,1.5306274890899658,803,27.644393920898438,0.20499999821186066,0.002960018813610077,-0.0063134413212537766,0.00011632870882749557,0.00047810107935220003,-0.0043710931204259396,-0.3683038353919983,4510,1791075158.823636,2
88046.555135,0.001566549763083458,0.0005385078256949782,0.03266202285885811,0.03266202285885811,1.5306274890899658,803,32.26995849609375,0.20499999821186066,-0.01154332049190998,0.0073354472406208515,0.00043377745896577835,-0.0006875429535284638,-0.005283065605908632,-0.3682910203933716,4511,1791075158.845303,2
88046.575186,0.00015900116704870015,-0.0008124656160362065,0.0327533520758152,0.0327533520758152,1.5306274890899658,803,28.919567108154297,0.20499999821186066,-0.0009283669060096145,0.0022987201809883118,9.981635957956314e-05,0.0032548466697335243,0.0008770622662268579,-0.36829930543899536,4512,1791075158.8618538,2
88046.595236,-8.553035877412185e-05,-0.0003959433233831078,0.03285647928714752,0.03285647928714752,1.5306274890899658,803,27.01703643798828,0.20499999821186066,-0.002369140274822712,0.01383503619581461,0.0008540237322449684,0.0026211694348603487,-0.0025640572421252728,-0.3683106303215027,4513,1791075158.8825479,2
88046.615286,0.0012042089365422726,-0.00037566915852949023,0.0328325554728508,0.0328325554728508,1.5306274890899658,803,26.079086303710938,0.20499999821186066,-0.009753916412591934,0.0031898694578558207,-0.0008379071950912476,0.0026274581905454397,-0.0032954011112451553,-0.36828866600990295,4514,1791075158.902409,2
88046.635336,0.0009758211090229452,0.0011091348715126514,0.03283601626753807,0.03283601626753807,1.5306274890899658,803,25.071163177490234,0.20499999821186066,0.010575590655207634,0.007577512413263321,0.00019726436585187912,0.0013215715298429132,0.012834793888032436,-0.36827489733695984,4515,1791075158.9218419,2
88046.655386,0.00013748421042691916,-0.0012410716153681278,0.032701581716537476,0.032701581716537476,1.5306274890899658,803,29.478750228881836,0.20499999821186066,0.0063173845410346985,0.0029076070059090853,-0.0012336522340774536,0.006024369969964027,0.0006561223417520523,-0.36826053261756897,4516,1791075158.941906,2
88046.675437,0.0029259128496050835,-0.0004303466121200472,0.03265942260622978,0.03265942260622978,1.5306274890899658,803,29.858333587646484,0.20499999821186066,-0.00039097206899896264,0.019477732479572296,0.00035945046693086624,0.01291783805936575,-0.006493611726909876,-0.3682374060153961,4517,1791075158.962631,2
88046.695487,0.0002855076745618135,-0.0012649402488023043,0.0328337661921978,0.0328337661921978,1.5306274890899658,803,26.759187698364258,0.20499999821186066,0.017909914255142212,0.012432476505637169,0.000683290883898735,-0.0005951882340013981,0.009120875969529152,-0.3682059645652771,4518,1791075158.985058,2
88046.715537,0.001197564066387713,-0.0009794767247512937,0.032842814922332764,0.032842814922332764,1.5306274890899658,803,26.272653579711914,0.20499999821186066,-0.00431227358058095,0.009181478060781956,0.00027502793818712234,-0.003650452708825469,-0.0058623747900128365,-0.3681996166706085,4519,1791075159.002391,2
88046.735587,-8.969035116024315e-05,2.2776795958634466e-05,0.03280319273471832,0.03280319273471832,1.5306274890899658,803,29.613365173339844,0.20499999821186066,-0.004775489214807749,0.01099883671849966,0.0015269801951944828,-0.0007394199492409825,0.000783120805863291,-0.36818480491638184,4520,1791075159.022455,2
88046.755638,0.00041466933907940984,0.001037239795550704,0.032730817794799805,0.032730817794799805,1.5306274890899658,803,25.014392852783203,0.20499999821186066,0.0035437552724033594,-0.001881379634141922,0.0020558838732540607,0.0004862679052166641,0.008028668351471424,-0.3681710660457611,4521,1791075159.042668,2
88046.775688,0.001263834536075592,-0.0004144543781876564,0.03270634636282921,0.03270634636282921,1.5306274890899658,803,30.60096549987793,0.20499999821186066,-0.012225220911204815,0.0027303199749439955,-0.00012178253382444382,0.01029349584132433,-0.002916183089837432,-0.36815816164016724,4522,1791075159.061931,2
88046.795738,0.0014352519065141678,-0.0020481375977396965,0.032687608152627945,0.032687608152627945,1.5306274890899658,803,26.967679977416992,0.20499999821186066,-0.008251585997641087,0.009703392162919044,-0.00032444950193166733,0.0037667970173060894,-0.006787877529859543,-0.3681442141532898,4523,1791075159.082211,2
88046.815788,0.0007926827529445291,-0.00013835470599588007,0.03279117867350578,0.03279117867350578,1.5306274890899658,803,29.33738136291504,0.20499999821186066,-0.000580265827011317,0.006181034725159407,0.0009032683447003365,0.008617322891950607,-0.003034184919670224,-0.36813032627105713,4524,1791075159.102408,2
88046.835839,0.0020376425236463547,0.000947307504247874,0.03279060125350952,0.03279060125350952,1.5306274890899658,803,30.644365310668945,0.20499999821186066,0.0011413885513320565,0.0188911110162735,0.00045532453805208206,0.010715112090110779,0.0020414856262505054,-0.3681015372276306,4525,1791075159.1232262,2
88046.855889,0.001315839821472764,-0.0031758160330355167,0.03277977928519249,0.03277977928519249,1.5306274890899658,803,29.667770385742188,0.20499999821186066,-0.0005578530835919082,-0.01172081008553505,-0.0004919618368148804,0.005686737131327391,-0.014940445311367512,-0.36807894706726074,4526,1791075159.143966,2
88046.875939,0.0011497362283989787,0.0005002269172109663,0.03273392841219902,0.03273392841219902,1.5306274890899658,803,28.4229679107666,0.20499999821186066,0.0024300948716700077,0.008904165588319302,-0.0003343028947710991,0.011539103463292122,0.0009052754612639546,-0.3680565655231476,4527,1791075159.162464,2
88046.895989,-9.332113404525444e-05,-0.0008207642240449786,0.032748740166425705,0.032748740166425705,1.5306274890899658,803,25.696077346801758,0.20499999821186066,0.0032054814510047436,-0.0016115508042275906,0.0005432087928056717,-0.006140123587101698,-0.006147610489279032,-0.36804187297821045,4528,1791075159.182216,2
88046.91604,-0.0007275391835719347,-0.0005204940680414438,0.03281306475400925,0.03281306475400925,1.5306274890899658,803,28.91741180419922,0.20499999821186066,-0.006081694737076759,0.008870508521795273,-0.0003252485767006874,-0.005147762130945921,-0.005037862807512283,-0.36802664399147034,4529,1791075159.201801,2
88046.93609,0.00014896497305016965,-0.0012970021925866604,0.03285747766494751,0.03285747766494751,1.5306274890899658,803,25.035400390625,0.20499999821186066,-0.0018755116034299135,-0.005920098163187504,0.0010926187969744205,-0.0006397708202712238,-0.011335884220898151,-0.36802420020103455,4530,1791075159.2224488,2
88046.95614,0.0003831986105069518,-0.0006243446841835976,0.03286375850439072,0.03286375850439072,1.5306274890899658,803,27.010454177856445,0.20499999821186066,0.003336085705086589,-0.0031653710175305605,-0.0005486877635121346,0.009677865542471409,-0.008907345123589039,-0.36801502108573914,4531,1791075159.245347,2
88046.97619,0.0014064108254387975,-0.0009275396005250514,0.032754894345998764,0.032754894345998764,1.5306274890899658,803,25.295087814331055,0.20499999821186066,-0.0014136844547465444,0.010683573782444,-0.0010014250874519348,0.005237144883722067,0.001247823005542159,-0.36799976229667664,4532,1791075159.262879,2
88046.99624,0.0017044830601662397,-0.001069644233211875,0.03278161212801933,0.03278161212801933,1.5306274890899658,803,23.000898361206055,0.20499999821186066,0.007677055895328522,0.00941541139036417,0.0013509453274309635,0.008152175694704056,0.009370793588459492,-0.3679674565792084,4533,1791075159.282652,2
88047.016291,0.00022984495444688946,0.001640827744267881,0.03283793851733208,0.03283793851733208,1.5306274890899658,803,27.873838424682617,0.20499999821186066,-0.005546582862734795,-0.007661128416657448,-0.0007508210837841034,-0.008455329574644566,0.01839226298034191,-0.36795684695243835,4534,1791075159.302643,2
88047.036341,-0.0006595668382942677,-0.00035490369191393256,0.03283122554421425,0.03283122554421425,1.5306274890899658,803,24.039243698120117,0.20499999821186066,0.00036470513441599905,-0.0037538898177444935,0.001190889161080122,-0.008439869619905949,-0.002346790861338377,-0.3679519593715668,4535,1791075159.3225322,2
88047.056391,-0.001132962410338223,-0.0023633602540940046,0.032803963869810104,0.032803963869810104,1.5306274890899658,803,30.222970962524414,0.20499999821186066,0.008367065340280533,0.007615196984261274,0.0006574578583240509,-0.0049570961855351925,-0.004242863971740007,-0.3679549992084503,4536,1791075159.3425229,2
88047.076441,0.001846320810727775,-0.00041395967127755284,0.032671913504600525,0.032671913504600525,1.5306274890899658,803,28.977636337280273,0.20499999821186066,-0.007576024625450373,0.003243120387196541,0.0003780927509069443,0.009109816513955593,-0.003358222311362624,-0.3679440915584564,4537,1791075159.362064,2
88047.096492,0.001698912587016821,-0.0012778209056705236,0.03271980583667755,0.03271980583667755,1.5306274890899658,803,28.041810989379883,0.20499999821186066,-0.004112896975129843,0.007631189189851284,0.0005514640361070633,0.008176322095096111,-0.008169896900653839,-0.36792322993278503,4538,1791075159.382024,2
88047.116542,-0.0006870728684589267,0.000727569917216897,0.03279057890176773,0.03279057890176773,1.5306274890899658,803,32.849464416503906,0.20499999821186066,0.0009446787298657,0.004247843753546476,0.0016300445422530174,-0.003163903718814254,-0.000530870514921844,-0.3679162263870239,4539,1791075159.4022899,2
88047.136592,0.001006667036563158,-0.0015833965735509992,0.03283337876200676,0.03283337876200676,1.5306274890899658,803,25.86691665649414,0.20499999821186066,-0.004808697383850813,0.0013154585612937808,0.001237228512763977,0.007883052341639996,-0.02187643013894558,-0.36789757013320923,4540,1791075159.421655,2
88047.156642,-0.0003739694075193256,-0.000951716850977391,0.032831400632858276,0.032831400632858276,1.5306274890899658,803,27.791725158691406,0.20499999821186066,-0.004253401421010494,0.006751250475645065,6.250757724046707e-05,-0.0032881463412195444,-0.007431338541209698,-0.36788102984428406,4541,1791075159.444711,2
88047.176693,-0.00024172507983166724,-0.001168621238321066,0.032719992101192474,0.032719992101192474,1.5306274890899658,803,28.826169967651367,0.20499999821186066,-0.0024809117894619703,0.004606485832482576,0.00034533534198999405,-0.0003729434101842344,-0.0017908470472320914,-0.3678722679615021,4542,1791075159.462251,2
88047.196743,-0.0012282506795600057,8.415268530370668e-05,0.03273598849773407,0.03273598849773407,1.5306274890899658,803,27.485177993774414,0.20499999821186066,-0.0024120844900608063,0.003950162325054407,0.0010673184879124165,-0.002687084022909403,0.0019824784249067307,-0.3678591549396515,4543,1791075159.482929,2
88047.216793,0.0015774315688759089,-0.00025002253823913634,0.032745372503995895,0.032745372503995895,1.5306274890899658,803,28.287975311279297,0.20499999821186066,0.001592456828802824,0.016237644478678703,0.00047316774725914,0.006420857738703489,0.002194441156461835,-0.36784884333610535,4544,1791075159.5023339,2
88047.236843,0.0006004594615660608,-0.0010115113109350204,0.03278185427188873,0.03278185427188873,1.5306274890899658,803,31.03955078125,0.20499999821186066,0.005053319502621889,0.010424433276057243,0.0014113988727331161,0.001527786604128778,-0.0065751103684306145,-0.3678331673145294,4545,1791075159.5228758,2
88047.256894,0.0005137276602908969,-0.0013854792341589928,0.03277413919568062,0.03277413919568062,1.5306274890899658,803,30.400835037231445,0.20499999821186066,-0.006334390491247177,0.000644136278424412,-0.00070155318826437,0.0006759418756701052,-0.010500106029212475,-0.3678255081176758,4546,1791075159.542472,2
88047.276944,-0.00011797565093729645,-0.0014257347211241722,0.032736361026763916,0.032736361026763916,1.5306274890899658,803,32.197105407714844,0.20499999821186066,-0.0016714951489120722,0.004767606034874916,0.0012468155473470688,0.002716296585276723,-0.003991266712546349,-0.3678322732448578,4547,1791075159.562312,2
88047.296994,-0.0009909350192174315,-0.00036594379344023764,0.03272149711847305,0.03272149711847305,1.5306274890899658,803,28.54946517944336,0.20499999821186066,-0.005189202725887299,0.0032220364082604647,0.0009376229718327522,-0.0004218984395265579,-0.004224659875035286,-0.36785274744033813,4548,1791075159.582481,2
88047.317044,0.0005439630476757884,-0.0008532880456186831,0.032678987830877304,0.032678987830877304,1.5306274890899658,803,28.28582763671875,0.20499999821186066,0.001057327026501298,0.004327388014644384,0.00030778534710407257,-0.0067298258654773235,-0.006781239993870258,-0.36784136295318604,4549,1791075159.602156,2
88047.337094,0.0016415289137512445,3.654706961242482e-05,0.03279421851038933,0.03279421851038933,1.5306274890899658,803,29.500530242919922,0.20499999821186066,0.002053461968898773,0.004376642871648073,0.00018261652439832687,0.00859078485518694,-0.0022909711115062237,-0.36783018708229065,4550,1791075159.6213062,2
88047.357145,0.0011946267914026976,0.0005057938396930695,0.03282349929213524,0.03282349929213524,1.5306274890899658,803,28.402620315551758,0.20499999821186066,0.0006926036439836025,-0.0004418665776029229,-0.000996631570160389,0.011004097759723663,0.011990102007985115,-0.36782386898994446,4551,1791075159.6428,2
88047.377195,0.0005135168321430683,0.0010148293804377317,0.03283153846859932,0.03283153846859932,1.5306274890899658,803,28.59630012512207,0.20499999821186066,-0.008110514841973782,-0.0025409336667507887,-0.0003710547462105751,0.0037241217214614153,0.005130951292812824,-0.3677968978881836,4552,1791075159.66309,2
88047.397245,-0.0005673676496371627,-0.00031151704024523497,0.032738275825977325,0.032738275825977325,1.5306274890899658,803,28.52560043334961,0.20499999821186066,-0.00560974795371294,0.007195101585239172,0.000357319600880146,-0.005226394161581993,-0.0008100242703221738,-0.36779099702835083,4553,1791075159.682507,2
88047.417295,-0.00015177812019828707,-0.0026409411802887917,0.032727573066949844,0.032727573066949844,1.5306274890899658,803,29.459354400634766,0.20499999821186066,0.015976937487721443,-0.0012682423694059253,0.00015971343964338303,-0.003652912797406316,-0.011379575356841087,-0.36778709292411804,4554,1791075159.70305,2
88047.437346,-0.00013364276674110442,-0.0008978394907899201,0.03282570838928223,0.03282570838928223,1.5306274890899658,803,29.393970489501953,0.20499999821186066,-0.007097136694937944,-0.0035893330350518227,-0.0011548232287168503,-0.006379259284585714,-0.007603286299854517,-0.36776721477508545,4555,1791075159.7221792,2
88047.457396,0.0004432314890436828,-0.0004258151166141033,0.03280818834900856,0.03280818834900856,1.5306274890899658,803,29.86505699157715,0.20499999821186066,-0.006839947309345007,0.007741531357169151,-0.0005364371463656425,-0.004226545803248882,0.008133110590279102,-0.3677562177181244,4556,1791075159.7425332,2
88047.477446,-0.000650707574095577,-0.001305776066146791,0.03284051641821861,0.03284051641821861,1.5306274890899658,803,27.111358642578125,0.20499999821186066,0.0004362907784525305,0.0020119163673371077,-9.808037430047989e-05,0.003169218311086297,-0.0003486454952508211,-0.3677595853805542,4557,1791075159.7626119,2
88047.497496,0.0012291851453483105,-0.0012492045061662793,0.032718513160943985,0.032718513160943985,1.5306274890899658,803,29.865568161010742,0.20499999821186066,-0.0010211962508037686,0.001298259594477713,-0.000351879745721817,0.004912280011922121,-0.00310589000582695,-0.3677428662776947,4558,1791075159.782611,2
88047.517546,-5.812125527882017e-05,-0.0016001217300072312,0.032759811729192734,0.032759811729192734,1.5306274890899658,803,25.91088104248047,0.20499999821186066,0.003331391140818596,-0.005060228984802961,3.347918391227722e-05,-0.002298944164067507,-0.008914977312088013,-0.3677268326282501,4559,1791075159.802811,2
88047.537597,-0.0009664542158134282,-5.1418010116321966e-05,0.03283018618822098,0.03283018618822098,1.5306274890899658,803,27.637487411499023,0.20499999821186066,-0.00253529055044055,0.010787871666252613,-0.00014069117605686188,-0.00782636646181345,-0.0024373563937842846,-0.36772745847702026,4560,1791075159.822412,2
88047.557647,0.0010186362778767943,0.00016353036335203797,0.032773446291685104,0.032773446291685104,1.5306274890899658,803,29.02474594116211,0.20499999821186066,0.004461892880499363,-0.010937493294477463,-0.001423361711204052,0.0014288222882896662,-0.006395978853106499,-0.3677404522895813,4561,1791075159.842447,2
88047.577697,0.0001656229724176228,-0.0001987124705919996,0.03275684267282486,0.03275684267282486,1.5306274890899658,803,30.57878303527832,0.20499999821186066,0.004998630378395319,-0.005255204625427723,-0.0015011252835392952,0.002266242867335677,-0.0004523860407061875,-0.36773186922073364,4562,1791075159.8620641,2
88047.597747,-0.00047904913662932813,-0.0017563566798344254,0.032676126807928085,0.032676126807928085,1.5306274890899658,803,28.641916275024414,0.20499999821186066,-0.001079593668691814,-0.005732530727982521,-0.0011666323989629745,-0.0032066190615296364,-0.00969537254422903,-0.3677133321762085,4563,1791075159.8820438,2
88047.617798,-0.00013400253374129534,-0.0006842563161626458,0.0327334925532341,0.0327334925532341,1.5306274890899658,803,25.919536590576172,0.20499999821186066,-0.000540445267688483,0.0010899209883064032,0.001077346969395876,0.0015794929349794984,0.004507891368120909,-0.3677237033843994,4564,1791075159.902132,2
88047.637848,-0.0001640610717004165,0.0019766169134527445,0.0327390655875206,0.0327390655875206,1.5306274890899658,803,29.524288177490234,0.20499999821186066,0.011177465319633484,-0.00036351781454868615,-0.001585281454026699,0.007897659204900265,0.01270970143377781,-0.3677181303501129,4565,1791075159.92221,2
88047.657898,-0.0006992032285779715,-0.00161168968770653,0.032857153564691544,0.032857153564691544,1.5306274890899658,803,25.677921295166016,0.20499999821186066,-0.000868453411385417,-0.0021666856482625008,-4.1979365050792694e-05,0.00033461255952715874,-0.01139769982546568,-0.36771732568740845,4566,1791075159.941397,2
88047.677948,-0.00026731600519269705,-0.002346806926652789,0.03283713757991791,0.03283713757991791,1.5306274890899658,803,23.486427307128906,0.20499999821186066,0.0021726314444094896,0.006716305855661631,-0.0007069706916809082,-0.0047810557298362255,-0.006566313561052084,-0.3677256107330322,4567,1791075159.962373,2
88047.697998,0.0012381786946207285,-0.0012029075296595693,0.03281750902533531,0.03281750902533531,1.5306274890899658,803,28.808387756347656,0.20499999821186066,-0.0028378721326589584,0.0026079858653247356,-0.0007815398275852203,-0.0021401734557002783,-0.002425046404823661,-0.36770880222320557,4568,1791075159.9823942,2
88047.718049,-0.0009516128920949996,-0.0012584482319653034,0.03268422931432724,0.03268422931432724,1.5306274890899658,803,29.499507904052734,0.20499999821186066,-0.007095200475305319,0.011896183714270592,0.0010043764486908913,0.0017883694963529706,-0.010613552294671535,-0.3677184283733368,4569,1791075160.0016608,2
88047.738099,0.0015240780776366591,-0.0005719957989640534,0.03266787901520729,0.03266787901520729,1.5306274890899658,803,29.30782127380371,0.20499999821186066,0.00023956263612490147,0.01601162739098072,-0.001585547812283039,-0.011547936126589775,-0.0032659205608069897,-0.36771360039711,4570,1791075160.0220659,2
88047.758149,0.00034227571450173855,-2.3973230781848542e-05,0.03275951370596886,0.03275951370596886,1.5306274890899658,803,34.40372085571289,0.20499999821186066,-0.004751103464514017,-0.0046148537658154964,-0.000334128737449646,0.004791574086993933,0.000869839801453054,-0.36770638823509216,4571,1791075160.0422819,2
88047.778199,-6.173100700834766e-05,-0.0007458130130544305,0.03279167413711548,0.03279167413711548,1.5306274890899658,803,28.875951766967773,0.20499999821186066,-0.013003803789615631,-0.009606346487998962,-0.0004798034206032753,-0.00033886285382322967,-0.007731586694717407,-0.3677069842815399,4572,1791075160.0625641,2
88047.79825,-0.0018146798247471452,0.0010608899174258113,0.03278961405158043,0.03278961405158043,1.5306274890899658,803,29.051013946533203,0.20499999821186066,-0.002764423144981265,0.005326190963387489,0.0015063821338117123,-0.011054478585720062,0.0025288385804742575,-0.36772409081459045,4573,1791075160.082578,2
88047.8183,1.5042531231301837e-05,0.0007448419346474111,0.0327129028737545,0.0327129028737545,1.5306274890899658,803,31.23347282409668,0.20499999821186066,0.0041799526661634445,-0.004367015324532986,-0.0005043046548962593,0.0012573476415127516,0.003850257722660899,-0.3677235543727875,4574,1791075160.1025999,2
88047.83835,-0.0007491559372283518,-0.00022856213035993278,0.03268066421151161,0.03268066421151161,1.5306274890899658,803,28.49650764465332,0.20499999821186066,-0.0055194757878780365,0.008504174649715424,0.00044324807822704315,-0.017903344705700874,-0.001900678500533104,-0.3677307069301605,4575,1791075160.122648,2
88047.8584,0.000938782817684114,-0.0008838807698339224,0.03281795233488083,0.03281795233488083,1.5306274890899658,803,27.260154724121094,0.20499999821186066,-0.012029844336211681,0.003810723079368472,-0.0004936521872878075,0.0052439491264522076,-0.011924375779926777,-0.36772337555885315,4576,1791075160.142456,2
88047.87845,4.933285163133405e-05,-0.000793678977061063,0.03288809210062027,0.03288809210062027,1.5306274890899658,803,22.55722427368164,0.20499999821186066,0.003109729615971446,0.00023537052038591355,-0.0006944537162780762,-0.008258074522018433,-5.783096275990829e-05,-0.3677188754081726,4577,1791075160.1626098,2
88047.898501,0.0003723491099663079,-0.0009857865516096354,0.032823093235492706,0.032823093235492706,1.5306274890899658,803,28.391742706298828,0.20499999821186066,0.0008346607210114598,-0.00029632291989400983,0.00046055857092142105,-0.0037029434461146593,-0.006120902951806784,-0.3677212595939636,4578,1791075160.182763,2
88047.918551,0.0015881534200161695,-0.0016937048640102148,0.03274020925164223,0.03274020925164223,1.5306274890899658,803,27.86577606201172,0.20499999821186066,0.013541143387556076,0.0034955732990056276,0.0004914514720439911,0.013182324357330799,-0.008833090774714947,-0.36769598722457886,4579,1791075160.202553,2
88047.938601,-0.00026272068498656154,-7.061582437017933e-05,0.03271449729800224,0.03271449729800224,1.5306274890899658,803,30.064302444458008,0.20499999821186066,0.0033638139721006155,0.005890686996281147,-0.00021801423281431198,-0.0060958461835980415,-0.00267170206643641,-0.36767926812171936,4580,1791075160.221864,2
88047.958652,-0.00020886652055196464,0.0019092391012236476,0.03282930701971054,0.03282930701971054,1.5306274890899658,803,25.668214797973633,0.20499999821186066,0.000647193577606231,0.0028372316155582666,-0.0004566339775919914,-0.005378494970500469,0.006237037945538759,-0.36767804622650146,4581,1791075160.241632,2
88047.978702,-9.843854058999568e-06,-0.0016857385635375977,0.03285131976008415,0.03285131976008415,1.5306274890899658,803,25.571033477783203,0.20499999821186066,-0.0118081821128726,0.005207063630223274,-0.0003900546580553055,-8.936961967265233e-05,-0.008545001037418842,-0.3676799237728119,4582,1791075160.262275,2
88047.998753,-0.00012365631118882447,0.0008017703075893223,0.0328231044113636,0.0328231044113636,1.5306274890899658,803,27.407506942749023,0.20499999821186066,-0.010979495011270046,0.0016796556301414967,-0.0003066975623369217,0.0053018443286418915,0.006908150389790535,-0.3676963448524475,4583,1791075160.2818072,2
88048.018803,-0.00048561778385192156,-0.0002818833163473755,0.03280314430594444,0.03280314430594444,1.5306274890899658,803,29.440523147583008,0.20499999821186066,-0.002146327868103981,0.01067507453262806,-0.00016794726252555847,-0.0031826540362089872,-0.0016937610926106572,-0.3676949441432953,4584,1791075160.302146,2
88048.038853,0.0012038428103551269,-0.0021705771796405315,0.032653480768203735,0.032653480768203735,1.5306274890899658,803,29.67372703552246,0.20499999821186066,-0.00501680513843894,0.0031920364126563072,-0.0016225660219788551,0.0003054246190004051,-0.003865671344101429,-0.36768198013305664,4585,1791075160.32312,2
88048.058903,-0.0008847811259329319,-0.00037189299473538995,0.032718975096940994,0.032718975096940994,1.5306274890899658,803,25.45875358581543,0.20499999821186066,0.0003605404053814709,0.01045278925448656,0.0006424523890018463,-0.0010864471551030874,-0.015293301083147526,-0.36769571900367737,4586,1791075160.346758,2
88048.078954,-5.296964445733465e-05,-0.0014222644967958331,0.03283108025789261,0.03283108025789261,1.5306274890899658,803,27.701435089111328,0.20499999821186066,0.002592866076156497,0.015335776843130589,0.000575874000787735,0.0069138891994953156,-0.009065388701856136,-0.36770176887512207,4587,1791075160.3627021,2
88048.099004,0.0010409863898530602,0.0004319192375987768,0.03279608115553856,0.03279608115553856,1.5306274890899658,803,29.38616943359375,0.20499999821186066,0.006970423739403486,0.0027341172099113464,0.0018217004835605621,0.005492381285876036,0.004092448391020298,-0.36769577860832214,4588,1791075160.3824692,2
88048.119054,-0.00020698230946436524,3.173238656017929e-05,0.03277590125799179,0.03277590125799179,1.5306274890899658,803,32.833824157714844,0.20499999821186066,-0.000658025499433279,0.010006493888795376,-0.0009261490777134895,0.007513272110372782,0.000990751083008945,-0.36768388748168945,4589,1791075160.402059,2
88048.139104,0.0008251648978330195,-0.0010460903868079185,0.03270984813570976,0.03270984813570976,1.5306274890899658,803,29.351240158081055,0.20499999821186066,-0.0014407733688130975,-0.0023103125859051943,-0.00032480712980031967,0.0035679335705935955,-0.0027765415143221617,-0.36768123507499695,4590,1791075160.422387,2
88048.159154,0.0007236071396619081,-0.002103080041706562,0.03271257504820824,0.03271257504820824,1.5306274890899658,803,28.871421813964844,0.20499999821186066,0.006199256516993046,0.005447180010378361,4.084501415491104e-05,0.01271282322704792,-0.004525606520473957,-0.3676576018333435,4591,1791075160.442517,2
88048.179205,-0.0004193903296254575,-0.0004507654521148652,0.03285933658480644,0.03285933658480644,1.5306274890899658,803,24.67458152770996,0.20499999821186066,0.004813026171177626,0.013828777708113194,-0.00028912071138620377,-0.00524946628138423,-0.015986880287528038,-0.36766138672828674,4592,1791075160.46221,2
88048.199255,0.0008173916721716523,-0.0002708316023927182,0.032813962548971176,0.032813962548971176,1.5306274890899658,803,28.906478881835938,0.20499999821186066,-0.0053813643753528595,-0.0023375931195914745,-0.00040177255868911743,0.007942886091768742,0.0002929797919932753,-0.36765480041503906,4593,1791075160.482549,2
88048.219305,-0.0003806730965152383,-0.00010420197213534266,0.0328059084713459,0.0328059084713459,1.5306274890899658,803,29.028703689575195,0.20499999821186066,0.003419288666918874,0.003376562613993883,-0.0008430583402514458,0.00363288726657629,-0.007997320033609867,-0.3676438331604004,4594,1791075160.502283,2
88048.239355,-0.0007008783286437392,-0.00046889111399650574,0.03269735723733902,0.03269735723733902,1.5306274890899658,803,25.76165771484375,0.20499999821186066,0.002811787649989128,0.0021723732352256775,0.002041411120444536,0.006328299641609192,-0.008324652910232544,-0.3676470220088959,4595,1791075160.521249,2
88048.259406,0.0008854256011545658,0.0006524315103888512,0.032712843269109726,0.032712843269109726,1.5306274890899658,803,27.69976043701172,0.20499999821186066,0.011096728034317493,0.0010633263736963272,0.001047785859555006,0.0011526362504810095,0.001408595242537558,-0.36763328313827515,4596,1791075160.542757,2
88048.279456,-0.0005216483259573579,-0.0018998599844053388,0.03279765695333481,0.03279765695333481,1.5306274890899658,803,31.043750762939453,0.20499999821186066,-0.005554784554988146,-0.008110977709293365,0.0006493767723441124,-0.0007699815323576331,-0.00908881239593029,-0.3676272928714752,4597,1791075160.562432,2
88048.299506,0.0011666550999507308,-0.0008776452159509063,0.032815948128700256,0.032815948128700256,1.5306274890899658,803,28.88585662841797,0.20499999821186066,0.0025386882480233908,0.00047845172230154276,0.0006839977577328682,0.006657747086137533,-0.004458890296518803,-0.3676357567310333,4598,1791075160.582391,2
88048.319556,-0.0003640632494352758,3.009187821589876e-05,0.032830238342285156,0.032830238342285156,1.5306274890899658,803,28.685213088989258,0.20499999821186066,0.013585914857685566,0.0030036240350455046,0.00020835734903812408,-0.0053770095109939575,-0.0031293071806430817,-0.3676382005214691,4599,1791075160.6023161,2
88048.339606,0.0005311864078976214,-0.0002566319308243692,0.03272102400660515,0.03272102400660515,1.5306274890899658,803,25.15475845336914,0.20499999821186066,-0.003443509805947542,-0.0024594042915850878,0.00042673666030168533,0.004715997725725174,-0.009308643639087677,-0.3676229417324066,4600,1791075160.621593,2
88048.359657,0.00021202988864388317,0.0003791125491261482,0.032754357904195786,0.032754357904195786,1.5306274890899658,803,25.884531021118164,0.20499999821186066,0.012225037440657616,0.00615007895976305,-9.444355964660645e-05,-0.001894023036584258,0.004668374080210924,-0.36763229966163635,4601,1791075160.642445,2
88048.379707,0.00016037945169955492,0.0009604174410924315,0.03282405436038971,0.03282405436038971,1.5306274890899658,803,26.93802261352539,0.20499999821186066,0.008069781586527824,0.020030222833156586,0.0003998391330242157,0.006611613091081381,-0.0012666992843151093,-0.3676355481147766,4602,1791075160.662267,2
88048.399757,-0.001034674933180213,0.0002628398942761123,0.03285503759980202,0.03285503759980202,1.5306274890899658,803,28.00676727294922,0.20499999821186066,0.006983447354286909,0.006044312380254269,0.0004794672131538391,-0.005028063897043467,-0.0027166688814759254,-0.36763158440589905,4603,1791075160.682497,2
88048.419807,0.0006476832204498351,-3.828049375442788e-05,0.032817598432302475,0.032817598432302475,1.5306274890899658,803,28.111886978149414,0.20499999821186066,-0.00878598541021347,0.009141223505139351,0.00021022185683250427,0.01324083935469389,0.0016211859183385968,-0.3676314055919647,4604,1791075160.7012281,2
88048.439857,-0.0004455538291949779,-0.00031292924541048706,0.03281054273247719,0.03281054273247719,1.5306274890899658,803,26.011737823486328,0.20499999821186066,0.010635430924594402,-0.004278035834431648,-7.207319140434265e-05,-0.007239066064357758,-0.007344190962612629,-0.3676144778728485,4605,1791075160.7227688,2
88048.459908,0.0008717791060917079,0.0008030181634239852,0.0327436700463295,0.0327436700463295,1.5306274890899658,803,28.20584487915039,0.20499999821186066,-0.00020591610518749803,0.007311415392905474,-0.000525609590113163,0.009791851043701172,-0.006901719141751528,-0.36761051416397095,4606,1791075160.745752,2
88048.479958,-0.00015906560292933136,-0.001166848000138998,0.03275551274418831,0.03275551274418831,1.5306274890899658,803,24.674440383911133,0.20499999821186066,-0.008907346054911613,0.0067085702903568745,0.00028851907700300217,0.002229676814749837,-0.008155991323292255,-0.36760756373405457,4607,1791075160.7632399,2
88048.500008,-5.626001802738756e-05,-0.001321921474300325,0.03286881372332573,0.03286881372332573,1.5306274890899658,803,26.873619079589844,0.20499999821186066,0.002353833056986332,0.006115684751421213,0.00041901320219039917,0.0038584722205996513,-0.011628570966422558,-0.3675973415374756,4608,1791075160.782264,2
88048.520058,-0.0010021415073424578,0.0006418885313905776,0.03281738981604576,0.03281738981604576,1.5306274890899658,803,26.978784561157227,0.20499999821186066,-0.01023375429213047,0.009003742597997189,-0.00195279810577631,0.0022700605913996696,-0.007306839805096388,-0.3675890862941742,4609,1791075160.802436,2
88048.540108,-0.0011071222834289074,-0.00042191651300527155,0.032789818942546844,0.032789818942546844,1.5306274890899658,803,31.145397186279297,0.20499999821186066,0.008068776689469814,0.002719958545640111,-0.0011184290051460266,-0.0047599379904568195,-0.005453355144709349,-0.36758366227149963,4610,1791075160.822627,2
88048.560159,0.0004079247883055359,-3.523944178596139e-05,0.03271130472421646,0.03271130472421646,1.5306274890899658,803,27.543947219848633,0.20499999821186066,-0.0021489947102963924,0.006985581014305353,0.0008145999163389206,0.0022203405387699604,-0.0006587313837371767,-0.36757391691207886,4611,1791075160.8428218,2
88048.580209,0.0015359059907495975,-0.0019705970771610737,0.032750293612480164,0.032750293612480164,1.5306274890899658,803,27.338544845581055,0.20499999821186066,0.004791143350303173,-0.003535380121320486,-0.0014496194198727608,0.0034997821785509586,-0.009912591427564621,-0.36756324768066406,4612,1791075160.863084,2
88048.600259,0.000669385539367795,-0.001686918898485601,0.03278687596321106,0.03278687596321106,1.5306274890899658,803,31.905193328857422,0.20499999821186066,-0.004216229543089867,0.0030200339388102293,-0.0016645370051264763,0.0035607547033578157,-0.010384700261056423,-0.36754024028778076,4613,1791075160.882232,2
88048.620309,-0.00015181755588855594,-0.0005875157658010721,0.032829493284225464,0.032829493284225464,1.5306274890899658,803,29.276458740234375,0.20499999821186066,-0.007221073843538761,0.005834992974996567,-0.0011340351775288582,-0.0029156373348087072,-0.01419851090759039,-0.367538183927536,4614,1791075160.902773,2
88048.640359,0.0026356198359280825,-0.0008758358308114111,0.03286314010620117,0.03286314010620117,1.5306274890899658,803,23.870990753173828,0.20499999821186066,-0.004572385922074318,0.014250258915126324,0.0004944885149598122,0.021116817370057106,-0.01605621725320816,-0.36752578616142273,4615,1791075160.9219708,2
88048.66041,-0.0006019884021952748,-0.00044923790846951306,0.03280205652117729,0.03280205652117729,1.5306274890899658,803,25.863975524902344,0.20499999821186066,0.003140965010970831,0.0036140691954642534,0.00014641322195529938,-0.010920285247266293,0.006606296636164188,-0.36750519275665283,4616,1791075160.942583,2
88048.68046,0.0012743835104629397,-0.0010357566643506289,0.03274316340684891,0.03274316340684891,1.5306274890899658,803,26.98491668701172,0.20499999821186066,-0.009750043973326683,0.0007424752111546695,0.0013674721121788025,0.00016011361731216311,-0.012933499179780483,-0.3675062358379364,4617,1791075160.962674,2
88048.70051,-0.0003769644827116281,0.00031054153805598617,0.03278584033250809,0.03278584033250809,1.5306274890899658,803,27.171775817871094,0.20499999821186066,0.0016276012174785137,0.0013176767388358712,-0.0016645370051264763,0.0027839664835482836,0.007529192138463259,-0.36750176548957825,4618,1791075160.982211,2
88048.72056,-0.0006538659799844027,-0.000814900966361165,0.03288157656788826,0.03288157656788826,1.5306274890899658,803,27.861507415771484,0.20499999821186066,0.0023106150329113007,0.004826202988624573,0.00022018235176801682,-0.008233959786593914,-0.008475294336676598,-0.3674963414669037,4619,1791075161.002466,2
88048.74061,0.0007851243135519326,-0.00017124193254858255,0.03281685337424278,0.03281685337424278,1.5306274890899658,803,25.240169525146484,0.20499999821186066,-0.011450966820120811,-0.002501371316611767,0.0016404464840888977,0.010744848288595676,-0.006353653036057949,-0.3674928843975067,4620,1791075161.022519,2
88048.760661,-0.0010792497778311372,-0.0002737256290856749,0.03270888328552246,0.03270888328552246,1.5306274890899658,803,26.96996307373047,0.20499999821186066,-0.00198209541849792,0.004246111027896404,-0.0009657228365540504,0.003923642914742231,-0.006771616637706757,-0.36749833822250366,4621,1791075161.045772,2
88048.780711,4.812782208318822e-05,0.0007653984357602894,0.03274477273225784,0.03274477273225784,1.5306274890899658,803,30.29973602294922,0.20499999821186066,3.95830902562011e-05,0.012670878320932388,-0.00028129108250141144,-0.007092206738889217,0.0054392134770751,-0.36749663949012756,4622,1791075161.061789,2
88048.800761,0.0018479838036000729,-0.0014107697643339634,0.03273458033800125,0.03273458033800125,1.5306274890899658,803,26.863719940185547,0.20499999821186066,-0.006789276376366615,-0.0018817723030224442,-0.0002450719475746155,0.003450946416705847,-0.004141632467508316,-0.36748945713043213,4623,1791075161.0825899,2
