t,speed,speed_acc,course
85770.404741,0,0.855063856,-1
85770.804741,0,0.71660924,-1
85771.004741,0,0.612193465,-1
85772.005007,0,0.662619531,-1
85773.037432,0,0.719965875,-1
85773.505613,0,0.719965875,-1
85774.029773,0.357668549,0.238509402,-1
85775.032150,0.314898282,0.319441468,-1
85776.034542,0.319187701,0.317601383,-1
85777.036950,0.319187701,0.334376663,-1
85778.029350,0.380036712,0.301759958,-1
85779.031790,0.434503555,0.28197962,-1
85779.509610,0.434503555,0.28197962,-1
85780.034248,0.393477142,0.262627065,-1
