t,depth_median,depth_p10,depth_p90,valid_frac,cos_tilt,h,accuracy,quality
# video 1920x1080 depth 320x180
94414.331447,0.809570312,0.80078125,0.818359375,1,0.995059286,0.805570457,absolute,high
94414.364781,0.809570312,0.800292969,0.816894531,1,0.99505562,0.805567489,absolute,high
94414.398115,0.809570312,0.800292969,0.816894531,1,0.995050108,0.805563027,absolute,high
94414.464784,0.809570312,0.80078125,0.816894531,1,0.995034908,0.805550721,absolute,high
94414.498118,0.809082031,0.80078125,0.81640625,1,0.995032572,0.805062975,absolute,high
94414.531452,0.809082031,0.800292969,0.816894531,1,0.995022414,0.805054756,absolute,high
94414.564787,0.809570312,0.800292969,0.817382812,1,0.995016291,0.805535649,absolute,high
94414.598121,0.809082031,0.800292969,0.816894531,1,0.995011856,0.805046214,absolute,high
94414.631455,0.809570312,0.800292969,0.817382812,1,0.995002766,0.8055247,absolute,high
94414.664789,0.809082031,0.800292969,0.817382812,1,0.994998671,0.805035546,absolute,high
94414.698124,0.809570312,0.800292969,0.817382812,1,0.994993144,0.80551691,absolute,high
94414.731458,0.809570312,0.80078125,0.817382812,1,0.99498775,0.805512544,absolute,high
94414.764792,0.809082031,0.800292969,0.817382812,1,0.994979825,0.805020298,absolute,high
94414.798126,0.809082031,0.800292969,0.816894531,1,0.994972935,0.805014723,absolute,high
94414.831461,0.809570312,0.800292969,0.817382812,1,0.994964886,0.805494034,absolute,high
94414.864795,0.809570312,0.80078125,0.817382812,1,0.994959304,0.805489515,absolute,high
94414.898129,0.809570312,0.80078125,0.817382812,1,0.994954114,0.805485313,absolute,high
94414.931463,0.809570312,0.80078125,0.817382812,1,0.994947309,0.805479804,absolute,high
94414.964798,0.809570312,0.80078125,0.817382812,1,0.994943765,0.805476935,absolute,high
94414.998132,0.809082031,0.800292969,0.816894531,1,0.994939762,0.804987884,absolute,high
94415.031466,0.809570312,0.80078125,0.817382812,1,0.994931071,0.805466658,absolute,high
94415.064800,0.809082031,0.800292969,0.816894531,1,0.994924401,0.804975455,absolute,high
94415.098135,0.809570312,0.80078125,0.816894531,1,0.994910327,0.805449864,absolute,high
94415.131469,0.809082031,0.800292969,0.817382812,1,0.994913783,0.804966864,absolute,high
94415.164803,0.809570312,0.800292969,0.817382812,1,0.994906746,0.805446965,absolute,high
94415.198137,0.809570312,0.800292969,0.817382812,1,0.994910692,0.80545016,absolute,high
94415.231472,0.809570312,0.80078125,0.817382812,1,0.994909583,0.805449262,absolute,high
94415.264806,0.809570312,0.800292969,0.817382812,1,0.994908435,0.805448333,absolute,high
94415.298140,0.809082031,0.800292969,0.817382812,1,0.994907996,0.804962182,absolute,high
94415.331474,0.809082031,0.800292969,0.816894531,1,0.994901545,0.804956963,absolute,high
94415.364809,0.809082031,0.799804688,0.817382812,1,0.994897454,0.804953653,absolute,high
94415.398143,0.809570312,0.800292969,0.817382812,1,0.994890922,0.805434154,absolute,high
94415.431477,0.809570312,0.800292969,0.817382812,1,0.994886933,0.805430926,absolute,high
94415.464811,0.809570312,0.800292969,0.817382812,1,0.994881547,0.805426565,absolute,high
94415.498146,0.809570312,0.800292969,0.817382812,1,0.994877756,0.805423496,absolute,high
94415.531480,0.809082031,0.800292969,0.817382812,1,0.994874632,0.804935188,absolute,high
94415.564814,0.809082031,0.800292969,0.817382812,1,0.994870055,0.804931485,absolute,high
94415.598148,0.809570312,0.800292969,0.817382812,1,0.994866374,0.805414281,absolute,high
94415.631483,0.809570312,0.800292969,0.817382812,1,0.994859286,0.805408543,absolute,high
94415.664817,0.809570312,0.800292969,0.817382812,1,0.994856948,0.80540665,absolute,high
94415.698151,0.809082031,0.800292969,0.817382812,1,0.994853915,0.804918426,absolute,high
94415.731485,0.809570312,0.800292969,0.817871094,1,0.994849791,0.805400856,absolute,high
94415.764820,0.809570312,0.800292969,0.817382812,1,0.994845458,0.805397348,absolute,high
# result 0.797526565: LiDAR h = 0.798 m ± 0.000 (43 frames, tilt 6°)
