run,group,note,course_m,h_used,h_raw,focal_px,c_rec,d_rec,D_recorded,err_recorded_pct,dur_s,k_final,D_final_cal,err_final_cal_pct,err_final_cal_m,err_loo_pct_linear
2026-10-03_22-22-18,16ft h=0.186 pre-cal,dash run 5,4.8768,0.186,0.186,860.6556862016167,1.0,0.0,5.2348791,7.342501230314946,19.25840400000743,0.9323533414999321,4.878048783852774,0.02560662427768534,0.0012487838527741602,0.0665550821396188
2026-10-03_22-23-45,16ft h=0.186 pre-cal,dash run 6,4.8768,0.187,0.187,860.6556862016167,1.0,0.0,5.24617709,7.574169332349068,17.084098999999696,0.9325744992163459,4.889848809363698,0.2675690896427385,0.013048809363697345,0.4228341294165716
2026-10-03_22-25-09,16ft h=0.186 pre-cal,"dash run 7, ~1 m/s",4.8768,0.187,0.187,860.6556862016167,1.0,0.0,5.21405573,6.915512836286086,8.391938999993727,0.9325744992163459,4.861084567511205,-0.3222488617289021,-0.015715432488795145,-0.48979314067034707
2026-10-03_22-37-35,16ft h=0.235 cal-1,dash run 9,4.8768,0.236,0.236,923.4835512943347,1.073,0.0,4.829929,-0.9611015419947577,14.25678299998981,1.009816728004885,4.877937761267947,0.023330078493000173,0.0011377612679464022,-0.021813669529302526
2026-10-03_22-38-37,16ft h=0.235 cal-1,dash run 10,4.8768,0.235,0.235,923.4835512943347,1.073,0.0,4.84887507,-0.572607652559054,9.675689000010607,1.0096679027947546,4.89002756918193,0.27123460428826185,0.013227569181929688,0.5432484266541859
2026-10-03_22-39-51,16ft h=0.235 cal-1,"dash run 11, other lighting",4.8768,0.235,0.235,923.4835512943347,1.073,0.0,4.814455,-1.2783997703412209,8.613354000000982,1.0096679027947546,4.861028973871337,-0.32338882317634043,-0.015771026128663657,-0.519768021015854
2026-10-03_22-59-53,20ft h=0.79,"dash run 15, faster push",6.096,0.798,0.8059000000000001,883.8933897290603,1.027,-0.0079,5.69167356,-6.63265157480315,9.545907000006991,1.0,5.691673560000001,-6.632651574803139,-0.4043264399999993,
2026-10-03_23-01-53,20ft h=0.79,dash run 16,6.096,0.792,0.7999,883.8933897290603,1.027,-0.0079,5.07757904,-16.706380577427826,15.922993000000133,1.0,5.07757904,-16.706380577427826,-1.0184209600000003,
2026-10-03_23-03-20,20ft h=0.79,dash run 17,6.096,0.793,0.8009000000000001,883.8933897290603,1.027,-0.0079,5.18111305,-15.007988024934383,14.32899599999655,1.0,5.18111305,-15.007988024934383,-0.9148869499999996,
2026-10-03_23-23-07,20ft h=0.79 static-sub,"dash run 18, static-pattern subtraction",6.096,0.794,0.8019000000000001,883.8933897290603,1.027,-0.0079,4.18526496,-31.34407874015749,12.616697000004933,1.0,4.18526496,-31.34407874015749,-1.9107350400000005,
2026-10-03_23-39-53,20ft ride-height fixed-h,ride run 1,6.096,0.263,0.27090000000000003,883.8933897290603,1.027,-0.0079,5.71884121,-6.186988024934381,10.600118999995175,1.0,5.71884121,-6.186988024934381,-0.3771587900000002,
2026-10-03_23-40-27,20ft ride-height fixed-h,ride run 2,6.096,0.165,0.1729,883.8933897290603,1.027,-0.0079,5.2593428,-13.724691601049877,9.417033000005176,1.0,5.2593428,-13.724691601049877,-0.8366572000000003,
2026-10-03_23-41-51,20ft ride-height fixed-h,ride run 3,6.096,0.167,0.1749,883.8933897290603,1.027,-0.0079,4.59587137,-24.6084092847769,14.711679000000004,1.0,4.59587137,-24.6084092847769,-1.5001286299999999,
2026-10-04_00-00-16,20ft ride-height tracked,"ride run 4, expansion tracking",6.096,0.25666167900000003,0.26456167900000005,883.8933897290603,1.027,-0.0079,5.89143612,-3.355706692913385,10.158076000006986,1.0,5.89143612,-3.355706692913385,-0.20456388000000025,
2026-10-04_00-01-22,20ft ride-height tracked,"ride run 5, tracked h swung",6.096,0.26022234050000004,0.26812234050000006,883.8933897290603,1.027,-0.0079,4.02196538,-34.02287762467191,7.4816439999995055,1.0,4.02196538,-34.02287762467191,-2.07403462,
