file,n,columns,depth_median_med,depth_median_std,depth_p10_med,depth_p10_std,depth_p90_med,depth_p90_std,valid_frac_med,valid_frac_std,cos_tilt_med,cos_tilt_std,h_med,h_std
2026-10-03_20-26-19.csv,134,t depth_median depth_p10 depth_p90 valid_frac cos_tilt h accuracy quality,0.1822509765,0.32791810728625254,0.162109375,0.17829717741522047,0.204589844,0.517382052498272,1.0,0.050746463659300294,0.639235616,0.13711524978228587,0.1142899235,0.15053880906508363
2026-10-03_20-27-58.csv,44,t depth_median depth_p10 depth_p90 valid_frac cos_tilt h accuracy quality,0.07946777345,0.0019074615407576729,0.0767211914,0.001976817111849456,0.0838012695,0.002255088229262745,0.615451389,0.11751706551917192,0.994520208,0.0005734575430036952,0.07903043575,0.0019141248570065574
2026-10-03_20-28-52.csv,116,t depth_median depth_p10 depth_p90 valid_frac cos_tilt h accuracy quality,0.0891723633,0.004400563419147943,0.0867919922,0.004577619024445876,0.0911254883,0.004771291018512748,0.0,0.2308252809204741,0.9853821915000001,0.01415730791511431,0.086311668,0.0037718136389194475
2026-10-03_20-32-34.csv,43,t depth_median depth_p10 depth_p90 valid_frac cos_tilt h accuracy quality,0.102722168,0.0009806243029171855,0.0998535156,0.0008122714067815849,0.104064941,0.0009648688315201081,1.0,0.0,0.986517648,0.001172850727482878,0.101337232,0.0008574101236350826
2026-10-03_20-33-02.csv,45,t depth_median depth_p10 depth_p90 valid_frac cos_tilt h accuracy quality,1.03710938,0.0004877865385298333,1.03222656,0.0003775827906710177,1.04199219,0.0004655614803897622,1.0,0.0,0.998789909,2.2977229472025427e-05,1.03587855,0.0004845102241833337
2026-10-03_20-33-30.csv,32,t depth_median depth_p10 depth_p90 valid_frac cos_tilt h accuracy quality,0.205078125,0.0006800123461158775,0.2036743165,0.0006884424266947009,0.206115723,0.0005963597853624456,1.0,0.0,0.9990967129999999,9.674827345299753e-05,0.2048981915,0.0006626200421157411
2026-10-03_21-27-24.csv,43,t depth_median depth_p10 depth_p90 valid_frac cos_tilt h accuracy quality,0.183105469,0.00015868773865876124,0.182373047,0.00015884364023738585,0.18347168,0.00016208305986735726,1.0,0.0,0.999310414,2.943932405802301e-06,0.182979031,0.00015861733363387005
2026-10-03_21-27-28.csv,0,t depth_median depth_p10 depth_p90 valid_frac cos_tilt h accuracy quality,,,,,,,,,,,,
2026-10-03_21-31-27.csv,44,t depth_median depth_p10 depth_p90 valid_frac cos_tilt h accuracy quality,0.213256836,0.005328940227929323,0.20965576200000002,0.004574314084356941,0.21710205100000002,0.006198255883485317,1.0,0.0,0.9836548755000001,0.00453305677157405,0.2099712185,0.004475237078442008
2026-10-03_21-34-19.csv,43,t depth_median depth_p10 depth_p90 valid_frac cos_tilt h accuracy quality,0.183105469,0.00020529418416928986,0.182373047,0.00020209414888130238,0.18371582,0.00022741327854298247,1.0,0.0,0.998824329,5.847661678789784e-06,0.182888744,0.00020542149922694395
2026-10-03_21-41-39.csv,44,t depth_median depth_p10 depth_p90 valid_frac cos_tilt h accuracy quality,0.182373047,0.00020041700673857575,0.181518555,0.00017178741759821102,0.183227539,0.00019628754819745554,1.0,0.0,0.998149076,1.1251252791397672e-06,0.1820355035,0.00020003059946529616
2026-10-03_21-43-37.csv,42,t depth_median depth_p10 depth_p90 valid_frac cos_tilt h accuracy quality,0.182250977,0.00019665217657710454,0.181518555,0.0001777944896923239,0.183105469,0.0002203895001605421,1.0,0.0,0.9980212850000001,2.4615672660521424e-06,0.181891146,0.0001963613505373105
2026-10-03_21-46-56.csv,37,t depth_median depth_p10 depth_p90 valid_frac cos_tilt h accuracy quality,0.266113281,0.008148763675691027,0.259765625,0.008198594222882823,0.270751953,0.008711324913735014,1.0,0.0,0.991098332,0.017829895410791476,0.259101314,0.009346308891581997
2026-10-03_21-48-06.csv,44,t depth_median depth_p10 depth_p90 valid_frac cos_tilt h accuracy quality,0.211181641,0.002180070263168347,0.210144043,0.0023785870784301466,0.21240234349999998,0.0022441424938551037,1.0,0.0,0.995274608,0.0010147653091875253,0.210098381,0.0019940949193582498
2026-10-03_21-48-12.csv,42,t depth_median depth_p10 depth_p90 valid_frac cos_tilt h accuracy quality,0.211791992,0.0002818478675801673,0.210998535,0.00030915511440487043,0.212768555,0.0003142081228249572,1.0,0.0,0.9964044169999999,0.00010086326145779717,0.211041205,0.0002730599469039899
2026-10-03_22-18-50.csv,43,t depth_median depth_p10 depth_p90 valid_frac cos_tilt h accuracy quality,0.186767578,0.0001625404877712623,0.186401367,0.0001722506254391547,0.187133789,0.0001852669242146435,1.0,0.0,0.999692775,1.7818263547195605e-06,0.186710356,0.0001624887499296311
2026-10-03_22-20-36.csv,44,t depth_median depth_p10 depth_p90 valid_frac cos_tilt h accuracy quality,0.186157227,0.00022721442687480173,0.185668945,0.0001849670950931064,0.186645508,0.0002624695452436465,1.0,0.0,0.9996078905000001,1.3884767712188894e-06,0.1860843245,0.0002269762879138245
2026-10-03_22-22-12.csv,44,t depth_median depth_p10 depth_p90 valid_frac cos_tilt h accuracy quality,0.185791016,0.00018884376751613518,0.185302734,0.00022790666312060028,0.186157227,0.0001966884699308633,1.0,0.0,0.999596411,3.537874808140012e-06,0.1857154345,0.00018848523286755053
2026-10-03_22-23-38.csv,38,t depth_median depth_p10 depth_p90 valid_frac cos_tilt h accuracy quality,0.187133789,0.00016150029981069113,0.186645508,0.00014675034131781815,0.1875,0.00018361128039755029,1.0,0.0,0.9995851925,1.4244599915242392e-06,0.18705622849999998,0.00016131369581370972
2026-10-03_22-25-02.csv,38,t depth_median depth_p10 depth_p90 valid_frac cos_tilt h accuracy quality,0.186645508,0.00020548342403265145,0.186035156,0.00012989398898555202,0.187133789,0.00027723394407443364,1.0,0.0,0.9995748775,1.8227363882312546e-06,0.1865661355,0.00020564293969876815
2026-10-03_22-37-30.csv,44,t depth_median depth_p10 depth_p90 valid_frac cos_tilt h accuracy quality,0.236083984,0.00039612019068111214,0.235717773,0.00039043269807086865,0.236694336,0.0003612305832555481,1.0,0.0,0.999850559,3.39553196122364e-06,0.23604832650000002,0.00039625073821030057
2026-10-03_22-38-32.csv,41,t depth_median depth_p10 depth_p90 valid_frac cos_tilt h accuracy quality,0.235107422,0.00020748431883840663,0.234741211,0.00023223888686501164,0.235595703,0.0002002192668132619,1.0,0.0,0.999928275,1.342884210358754e-06,0.235090919,0.00020728842653909246
2026-10-03_22-39-45.csv,43,t depth_median depth_p10 depth_p90 valid_frac cos_tilt h accuracy quality,0.234619141,0.00025018281332801355,0.23425293,0.0002855732625518277,0.235473633,0.00019023295125899627,1.0,0.0,0.999971376,2.969438630510064e-07,0.234612441,0.00025021515344366107
2026-10-03_22-50-00.csv,132,t depth_median depth_p10 depth_p90 valid_frac cos_tilt h accuracy quality,0.0997314453,0.004604413862710351,0.0989379883,0.005000539058453298,0.100891113,0.00429911688857454,0.0,0.004093778345559326,0.9161891799999999,0.010830881876484904,0.090881499,0.004340906812637663
2026-10-03_22-54-05.csv,43,t depth_median depth_p10 depth_p90 valid_frac cos_tilt h accuracy quality,0.261962891,0.00027694848958155304,0.259521484,0.00023784089104196185,0.263427734,0.0005022749647500548,1.0,0.0,0.996063967,9.626147509506643e-06,0.260933351,0.0002771014122516466
2026-10-03_22-55-15.csv,43,t depth_median depth_p10 depth_p90 valid_frac cos_tilt h accuracy quality,0.261230469,0.0001680806779916323,0.258056641,0.00016309782051081626,0.263183594,0.00028930500807171025,1.0,0.0,0.994712789,2.9915843863444974e-06,0.259849335,0.00016720541355222387
2026-10-03_22-55-49.csv,43,t depth_median depth_p10 depth_p90 valid_frac cos_tilt h accuracy quality,0.261230469,0.00016749069121687693,0.258056641,0.00016003371761096264,0.263183594,0.00022529904214421584,1.0,0.0,0.994663037,3.238734008849377e-06,0.259835886,0.00016666928803479633
2026-10-03_22-57-20.csv,42,t depth_median depth_p10 depth_p90 valid_frac cos_tilt h accuracy quality,0.259033203,0.00020583276799116402,0.255615234,0.00022603026486556018,0.261474609,0.00019486172879647914,1.0,0.0,0.993123078,1.0983284752793408e-05,0.25725065599999997,0.0002044172800768877
2026-10-03_22-59-05.csv,43,t depth_median depth_p10 depth_p90 valid_frac cos_tilt h accuracy quality,0.796875,0.005037472805748781,0.615234375,0.07888657456103534,0.814453125,0.0016622478738881217,1.0,0.0,0.980776249,0.006125080033570305,0.781902383,0.009872869620324468
2026-10-03_22-59-41.csv,43,t depth_median depth_p10 depth_p90 valid_frac cos_tilt h accuracy quality,0.809570312,0.00023547000745218104,0.800292969,0.00023434603918526207,0.817382812,0.00031170949903116824,1.0,0.0,0.994924401,6.296349690340533e-05,0.805426565,0.000238908015806082
2026-10-03_23-01-45.csv,43,t depth_median depth_p10 depth_p90 valid_frac cos_tilt h accuracy quality,0.805664062,0.00026749193806559804,0.756347656,0.009911146786501991,0.813476562,0.000588787623271555,1.0,0.0,0.992444772,2.8391227844077453e-06,0.799573191,0.000265020809938897
2026-10-03_23-03-14.csv,43,t depth_median depth_p10 depth_p90 valid_frac cos_tilt h accuracy quality,0.806640625,0.00028470515963804416,0.786132812,0.005220578402802378,0.815429688,0.0009054343517939799,1.0,0.0,0.992517987,8.699092742882245e-06,0.800611368,0.00028532762727081134
2026-10-04_02-26-21.csv,44,t depth_median depth_p10 depth_p90 valid_frac cos_tilt h accuracy quality,1.34570312,0.006605193269491064,1.3046875,0.005010996299764437,1.38574219,0.00827191784870616,1.0,0.0,0.9680531245,0.0026666692708511956,1.30273976,0.002990576241794911
2026-10-04_02-26-26.csv,44,t depth_median depth_p10 depth_p90 valid_frac cos_tilt h accuracy quality,0.328125,0.0012635156971932276,0.326171875,0.0010067428689228065,0.329589844,0.0016034147008883724,1.0,0.0,0.9984479735,0.0006074351982664482,0.327549037,0.0011183366843362306
2026-10-04_02-27-12.csv,42,t depth_median depth_p10 depth_p90 valid_frac cos_tilt h accuracy quality,0.514160156,0.0036781329486593652,0.512695312,0.0018340910247833088,0.516113281,0.0055419378846345065,1.0,0.0,0.9996176434999999,0.00019318610742381404,0.513958299,0.003641316837367561
2026-10-04_02-30-55.csv,44,t depth_median depth_p10 depth_p90 valid_frac cos_tilt h accuracy quality,0.207458496,0.00048611505861756964,0.206604004,0.0005773002116663174,0.208557129,0.0004548100106482236,1.0,0.0,0.9988514305,2.0266986311160937e-05,0.20723299350000002,0.00048535080107589595
