run,focal_px,mount_h,scale_factor,filter,cfg_q_accel,est_n,est_dur,est_rate_hz,est_dt_med_ms,est_dt_p99_ms,est_dt_max_ms,est_n_dup_t,est_n_backwards,est_n_nan,est_n_inf,est_n_gaps_gt_3x,flow_n,flow_dur,flow_rate_hz,flow_dt_med_ms,flow_dt_p99_ms,flow_dt_max_ms,flow_n_dup_t,flow_n_backwards,flow_n_nan,flow_n_inf,flow_n_gaps_gt_3x,imu_n,imu_dur,imu_rate_hz,imu_dt_med_ms,imu_dt_p99_ms,imu_dt_max_ms,imu_n_dup_t,imu_n_backwards,imu_n_nan,imu_n_inf,imu_n_gaps_gt_3x,gnss_n,final_distance,max_est_speed,max_distance,distance_drops_gt_1cm,flow_q_med,flow_frac_q_lt8,flow_h_min,flow_h_max,flow_h_med,flow_max_speed,imu_acc_absmax,imu_gyro_absmax,n_zupt,events,camera_events,gnss_dur,gnss_rate_hz,gnss_dt_med_ms,gnss_dt_p99_ms,gnss_dt_max_ms,gnss_n_dup_t,gnss_n_backwards,gnss_n_nan,gnss_n_inf,gnss_n_gaps_gt_3x,gnss_max_speed,gnss_acc_med
2026-10-03_19-34-08,860.6556862016167,0.3,1,ReferenceKF4,0.02,1273,12.752806000004057,99.82116876862982,10.02600000356324,10.027000011177734,10.027000011177734,0,0,0,0,0,1444,12.747002000003704,113.28153867078552,8.337000006577,12.505999999120831,12.506000013672747,0.0,0.0,0.0,0.0,172.0,1273,12.752806000004057,99.82116876862982,10.02600000356324,10.027000011177734,10.027000011177734,0,0,0,0,0,0,3.68626258,0.9595716839643275,3.68626258,0,126.65851599999999,0.004155124653739612,0.3,0.3,0.3,1.4470310153048795,6.0569713,2.07267618,3,filter_state:1;start:1;stop:1,,,,,,,,,,,,,
2026-10-03_19-39-28,860.6556862016167,0.3,1,ReferenceKF4,0.02,2593,25.997838000010233,99.73906291742334,10.030000004917383,10.031000012531877,10.032000005594455,0,0,0,0,0,2385,26.002519999994547,91.72187926402903,12.504999991506338,12.506000013672747,16.674000013154,0.0,0.0,0.0,0.0,1459.0,2593,25.997838000010233,99.73906291742334,10.030000004917383,10.031000012531877,10.032000005594455,0,0,0,0,0,0,3.18059762,0.8869744148433759,3.18059762,0,39.0976748,0.03480083857442348,0.3,0.3,0.3,6.062957169413033,52.7726657,11.8175087,245,filter_state:1;start:1,,,,,,,,,,,,,
2026-10-03_20-06-11,860.6556862016167,0.3,1,ReferenceKF4,0.1,2478,24.836586999997962,99.77216273718298,10.026999996625818,10.028000004240312,10.02899999730289,0,0,0,0,0,1708,24.797872000010102,68.87687782239155,16.67299999098759,16.674000013154,20.842000012635253,0.0,0.0,0.0,0.0,1664.0,2478,24.836586999997962,99.77216273718298,10.026999996625818,10.028000004240312,10.02899999730289,0,0,0,0,0,0,6.19803489,0.5671603536651971,6.19803489,0,179.543434,0.0,0.3,0.3,0.3,0.5615224295286932,6.17793577,3.93189192,9,filter_state:1;start:1;stop:1,,,,,,,,,,,,,
2026-10-03_20-14-07,860.6556862016167,0.3,1,ReferenceKF4,0.1,1091,10.926123000012012,99.85243622086266,10.024000002886169,10.025000010500662,10.02600000356324,0,0,0,0,0,1285,10.912893000000622,117.75062762916549,8.336999992025085,12.505000006058253,12.506000013672747,0.0,0.0,0.0,0.0,50.0,1091,10.926123000012012,99.85243622086266,10.024000002886169,10.025000010500662,10.02600000356324,0,0,0,0,0,14,1.53090824,0.27763538307627217,1.53090824,0,175.922308,0.0,0.3,0.3,0.3,0.27231734036860455,1.396451,0.460934848,0,filter_state:1;start:1;stop:1,,9.629506999990554,1.4538646682549516,992.4000000028173,1028.8267999974778,1032.4249999976018,0.0,0.0,0.0,0.0,0.0,0.434503555,0.3269090655
2026-10-03_20-14-57,860.6556862016167,0.3,1,ReferenceKF4,0.1,1073,10.749271000007866,99.82072272614718,10.026999996625818,10.028000004240312,10.029000011854805,0,0,0,0,0,1198,10.729489999997895,111.65488760418576,8.337000006577,12.505999999120831,12.506000013672747,0.0,0.0,0.0,0.0,180.0,1073,10.749271000007866,99.82072272614718,10.026999996625818,10.028000004240312,10.029000011854805,0,0,0,0,0,0,3.43372147,0.7321330618772142,3.43372147,0,182.0474555,0.0,0.3,0.3,0.3,0.7672897648261895,3.91572617,1.79035389,0,filter_state:1;start:1;stop:1,,,,,,,,,,,,,
2026-10-03_20-15-15,860.6556862016167,0.3,1,ReferenceKF4,0.1,910,9.114799000002677,99.83763767031317,10.026999996625818,10.028000004240312,10.02899999730289,0,0,0,0,0,1023,9.124499000012293,112.11574465607612,8.337000006577,12.505999999120831,29.02600000379607,0.0,0.0,0.0,0.0,141.0,910,9.114799000002677,99.83763767031317,10.026999996625818,10.028000004240312,10.02899999730289,0,0,0,0,0,13,4.09454906,0.8721342808976986,4.09454906,0,150.312363,0.0,0.3,0.3,0.3,0.8725987658323776,3.62070686,3.24961901,0,filter_state:1;start:1;stop:1,,8.259025999999722,1.5740354855403578,917.6010000010137,1039.5280900003854,1042.8370000008726,0.0,0.0,0.0,0.0,0.0,1.5903064,0.34394449
2026-10-03_20-15-34,860.6556862016167,0.3,1,ReferenceKF4,0.1,955,9.56631500000367,99.82945366106318,10.027999989688396,10.028000004240312,10.029000011854805,0,0,0,0,0,1044,9.545660999996471,109.36906307487621,8.337000006577,12.505999999120831,12.506000013672747,0.0,0.0,0.0,0.0,204.0,955,9.56631500000367,99.82945366106318,10.027999989688396,10.028000004240312,10.029000011854805,0,0,0,0,0,1,12.1271376,2.204999763970265,12.1271376,0,29.16116915,0.008620689655172414,0.3,0.3,0.3,2.219775795676435,4.47642411,2.02842236,0,filter_state:1;start:1;stop:1,,0.0,,,,,0.0,0.0,0.0,0.0,0.0,0.0,1.45652461
2026-10-03_20-30-32,860.6556862016167,0.3,1,ReferenceKF4,0.1,2120,21.248554000005242,99.77149503912017,10.027999989688396,10.029000011854805,10.030000004917383,0,0,0,0,0,2251,21.225548000002163,106.05144328899166,8.337000006577,12.505999999120831,12.506000013672747,0.0,0.0,0.0,0.0,592.0,2120,21.248554000005242,99.77149503912017,10.027999989688396,10.029000011854805,10.030000004917383,0,0,0,0,0,0,7.97223723,2.2410183402961565,7.97223723,0,192.477105,0.0,0.3,0.3,0.3,2.20721460500956,17.0733186,8.10380077,0,filter_state:1;start:1;stop:1,,,,,,,,,,,,,
2026-10-03_20-31-12,860.6556862016167,0.3,1,ReferenceKF4,0.1,1829,18.33035399999062,99.77985149664518,10.027999989688396,10.028000004240312,10.029000011854805,0,0,0,0,0,1924,18.31599699999788,105.04478680577546,8.337000006577,12.505999999120831,12.506000013672747,0.0,0.0,0.0,0.0,548.0,1829,18.33035399999062,99.77985149664518,10.027999989688396,10.028000004240312,10.029000011854805,0,0,0,0,0,0,10.9566403,1.7565762093416244,10.9566403,0,146.493986,0.0005197505197505198,0.3,0.3,0.3,2.5430636075674378,38.7583231,11.035182,0,filter_state:1;start:1;stop:1,,,,,,,,,,,,,
2026-10-03_20-31-36,860.6556862016167,0.3,1,ReferenceKF4,0.1,1450,14.531069999997271,99.78618229767473,10.028000004240312,10.029000011854805,10.030000004917383,0,0,0,0,0,1300,14.514406000002054,89.56618686288753,12.504999991506338,12.505999999120831,12.506000013672747,0.0,0.0,0.0,0.0,884.0,1450,14.531069999997271,99.78618229767473,10.028000004240312,10.029000011854805,10.030000004917383,0,0,0,0,0,0,14.984487,3.8800551890807236,14.984487,0,34.1617531,0.09615384615384616,0.3,0.3,0.3,4.260995175412388,24.1285937,9.09412861,0,filter_state:1;start:1;stop:1,,,,,,,,,,,,,
2026-10-03_20-36-46,860.6556862016167,0.205,1,ReferenceKF4,0.1,804,8.052704999994603,99.84222692878217,10.028000004240312,10.029000011854805,10.030000004917383,0,0,0,0,0,1913,8.04920100000163,237.66334074644334,4.167999999481253,6.252999999560416,6.253000014112331,0.0,0.0,0.0,0.0,0.0,804,8.052704999994603,99.84222692878217,10.028000004240312,10.029000011854805,10.030000004917383,0,0,0,0,0,0,0.0,0.0042982468583893044,0.0,0,27.9770679,0.0,0.205,0.205,0.205,0.02754648475432767,0.14767361,0.012770188,805,camera:2;filter_state:1;start:1;stop:1,1280×720 @ 240 fps  FOV 73.3°; flow 240 Hz; proc 0.47 ms; in 926 dropped 4; exp 1/1006 s ISO 2200; f 860.7 px (fov) | 1280×720 @ 240 fps  FOV 73.3°; flow 240 Hz; proc 0.46 ms; in 2827 dropped 23; exp 1/1006 s ISO 2200; f 860.7 px (fov),,,,,,,,,,,,
2026-10-03_21-20-02,860.6556862016167,0.205,1,ReferenceKF4,0.1,1374,13.768184000000474,99.79529616977466,10.028000004240312,10.029000011854805,10.029000011854805,0,0,0,0,0,3264,13.77659800001129,236.9235133374237,4.167999999481253,6.252999999560416,6.253000014112331,0.0,0.0,0.0,0.0,0.0,1374,13.768184000000474,99.79529616977466,10.028000004240312,10.029000011854805,10.029000011854805,0,0,0,0,0,0,51.8344369,21.669378768601668,51.8344369,0,1.836847155,0.7659313725490197,0.205,0.205,0.205,3.3863518550815956,47.9222703,14.0454664,0,camera:2;filter_state:1;start:1;stop:1,1280×720 @ 240 fps  FOV 73.3°; flow 238 Hz; proc 0.49 ms; in 61497 dropped 528; exp 1/1006 s ISO 2200; f 860.7 px (fov) | 1280×720 @ 240 fps  FOV 73.3°; flow 240 Hz; proc 0.19 ms; in 64750 dropped 570; exp 1/1006 s ISO 2200; f 860.7 px (fov),,,,,,,,,,,,
2026-10-03_21-20-30,860.6556862016167,0.205,1,ReferenceKF4,0.1,1284,12.865583999999217,99.80114388900482,10.028000004240312,10.02899999730289,10.029000011854805,0,0,0,0,0,3063,12.867883999992046,238.03447404420908,4.167999999481253,6.252000006497838,6.253000014112331,0.0,0.0,0.0,0.0,0.0,1284,12.865583999999217,99.80114388900482,10.028000004240312,10.02899999730289,10.029000011854805,0,0,0,0,0,0,2.38032529,1.2156038228694532,2.38032529,0,4.5278119,0.7221678093372511,0.205,0.205,0.205,1.8938412955198578,16.7894666,6.39239073,0,camera:2;filter_state:1;start:1;stop:1,1280×720 @ 240 fps  FOV 73.3°; flow 240 Hz; proc 0.13 ms; in 2105 dropped 31; exp 1/1006 s ISO 2200; f 860.7 px (fov) | 1280×720 @ 240 fps  FOV 73.3°; flow 240 Hz; proc 0.17 ms; in 5156 dropped 56; exp 1/1006 s ISO 2200; f 860.7 px (fov),,,,,,,,,,,,
2026-10-03_21-21-06,860.6556862016167,0.205,1,ReferenceKF4,0.1,2998,30.051680000004126,99.76147756130733,10.026999996625818,10.028000004240312,10.029000011854805,0,0,0,0,0,7124,30.0542390000046,237.0381096656252,4.167999999481253,6.252999999560416,6.253000014112331,0.0,0.0,0.0,0.0,0.0,2998,30.051680000004126,99.76147756130733,10.026999996625818,10.028000004240312,10.029000011854805,0,0,0,0,0,0,11.7590172,2.827985398027292,11.7590172,0,4.4545515049999995,0.6618472768107805,0.205,0.205,0.205,2.657909359632348,39.2832612,9.82569408,193,camera:2;filter_state:1;start:1;stop:1,1280×720 @ 240 fps  FOV 73.3°; flow 240 Hz; proc 0.52 ms; in 10611 dropped 152; exp 1/1006 s ISO 2200; f 860.7 px (fov) | 1280×720 @ 240 fps  FOV 73.3°; flow 235 Hz; proc 0.15 ms; in 17725 dropped 239; exp 1/1006 s ISO 2200; f 860.7 px (fov),,,,,,,,,,,,
2026-10-03_21-21-37,860.6556862016167,0.205,1,ReferenceKF4,0.1,991,9.927272999993875,99.82600458359627,10.027999989688396,10.028000004240312,10.029000011854805,0,0,0,0,0,2342,9.92915300000459,235.87107581068773,4.167999999481253,6.252999999560416,6.253000014112331,0.0,0.0,0.0,0.0,0.0,991,9.927272999993875,99.82600458359627,10.027999989688396,10.028000004240312,10.029000011854805,0,0,0,0,0,0,0.0,0.015587068810907073,0.0,0,25.4286467,0.0,0.205,0.205,0.205,0.0885985411114771,0.657129591,0.171973169,879,camera:2;filter_state:1;start:1;stop:1,1280×720 @ 240 fps  FOV 73.3°; flow 235 Hz; proc 0.43 ms; in 18008 dropped 240; exp 1/1006 s ISO 2200; f 860.7 px (fov) | 1280×720 @ 240 fps  FOV 73.3°; flow 221 Hz; proc 0.46 ms; in 20341 dropped 281; exp 1/1006 s ISO 2200; f 860.7 px (fov),,,,,,,,,,,,
2026-10-03_21-34-31,860.6556862016167,0.183,1,ReferenceKF4,0.1,3118,31.256336999998894,99.75577112571158,10.027999989688396,10.030000004917383,10.030000004917383,0,0,0,0,0,0,,,,,,,,,,,3118,31.256336999998894,99.75577112571158,10.027999989688396,10.030000004917383,10.030000004917383,0,0,0,0,0,0,19.3875225,1.0447380810905702,19.3875225,0,,,,,,,1.25839892,0.437908483,97,filter_state:1;start:1;stop:1,,,,,,,,,,,,,
2026-10-03_21-37-55,860.6556862016167,0.183,1,ReferenceKF4,0.1,305,3.048666000002413,100.04375684307779,10.02899999730289,10.029000011854805,10.029000011854805,0,0,0,0,0,0,,,,,,,,,,,305,3.048666000002413,100.04375684307779,10.02899999730289,10.029000011854805,10.029000011854805,0,0,0,0,0,0,15.0378178,5.961819767723356,15.0378178,0,,,,,,,0.192892355,0.0652709853,0,filter_state:1;start:1;stop:1,,,,,,,,,,,,,
2026-10-03_21-41-45,860.6556862016167,0.182,1,ReferenceKF4,0.1,305,3.048402000000351,100.05242090772964,10.027999989688396,10.028000004240312,10.028000004240312,0,0,0,0,0,0,,,,,,,,,,,305,3.048402000000351,100.05242090772964,10.027999989688396,10.028000004240312,10.028000004240312,0,0,0,0,0,0,0.0,0.0009125896152209161,0.0,0,,,,,,,0.0931893288,0.0227856112,306,filter_state:1;start:1;stop:1,,,,,,,,,,,,,
2026-10-03_21-43-25,860.6556862016167,0.182,1,ReferenceKF4,0.1,305,3.0478280000097584,100.07126386365093,10.02600000356324,10.02600000356324,10.02600000356324,0,0,0,0,0,730,3.051275000005262,239.24425035394748,4.167999999481253,4.169000007095747,6.252999999560416,0.0,0.0,0.0,0.0,0.0,305,3.0478280000097584,100.07126386365093,10.02600000356324,10.02600000356324,10.02600000356324,0,0,0,0,0,0,0.0,0.005661817832743284,0.0,0,2709.4081349999997,0.0,0.182,0.182,0.182,0.0053531512350242835,0.0969914707,0.0276797935,306,filter_state:1;start:1;stop:1,,,,,,,,,,,,,
2026-10-03_21-43-36,860.6556862016167,0.182,1,ReferenceKF4,0.1,705,7.058264000006602,99.8829173858247,10.02600000356324,10.027000011177734,10.027000011177734,0,0,0,0,0,253,1.0546069999982137,239.89979205564586,4.167999999481253,4.169000007095747,6.252999999560416,0.0,0.0,0.0,0.0,0.0,705,7.058264000006602,99.8829173858247,10.02600000356324,10.027000011177734,10.027000011177734,0,0,0,0,0,0,0.0,0.025603980646472523,0.0,0,3095.29773,0.0,0.182,0.182,0.182,0.04954076361220344,0.0894289265,0.0275737084,705,calibrate:2;filter_state:1;hold_still:2;lidar_height:1;mark:1;reset_distance:1;start:1;stop:1,,,,,,,,,,,,,
2026-10-03_21-46-33,860.6556862016167,0.182,1,ReferenceKF4,0.1,17,0.16043800000625197,105.95993467468767,10.027000011177734,10.028000004240312,10.028000004240312,0,0,0,0,0,41,0.1667369999922812,245.8962318015679,4.167999999481253,4.169000007095747,4.169000007095747,0.0,0.0,0.0,0.0,0.0,17,0.16043800000625197,105.95993467468767,10.027000011177734,10.028000004240312,10.028000004240312,0,0,0,0,0,0,0.0,0.03476589950361054,0.0,0,37.2650693,0.0,0.182,0.182,0.182,0.046517452596433584,0.538551581,0.36912787,0,camera:2;filter_state:1;start:1;stop:1,1280×720 @ 240 fps  FOV 73.3°; flow 239 Hz; proc 0.14 ms; in 11320 dropped 60 restarts 0; exp 1/1006 s ISO 1897; f 860.7 px (fov) | 1280×720 @ 240 fps  FOV 73.3°; flow 240 Hz; proc 0.14 ms; in 11349 dropped 60 restarts 0; exp 1/1006 s ISO 1897; f 860.7 px (fov),,,,,,,,,,,,
2026-10-03_21-46-55,860.6556862016167,0.182,1,ReferenceKF4,0.1,895,8.964634999996633,99.83674739689191,10.027999989688396,10.028000004240312,10.02899999730289,0,0,0,0,0,1596,8.965635000000475,178.0130464824762,4.167999999481253,6.252999999560416,2102.404999997816,0.0,0.0,0.0,0.0,6.0,895,8.964634999996633,99.83674739689191,10.027999989688396,10.028000004240312,10.02899999730289,0,0,0,0,0,0,0.0738080115,0.6615934833832885,0.0738080115,0,25.48771715,0.13283208020050125,0.182,0.2600139,0.182,2.025818530889647,16.6555316,5.02996254,391,calibrate:2;camera_started:1;filter_state:1;hold_still:2;mark:1;reset_distance:1;start:1;stop:1;torch:1,1280x720 @ 240 fps; 1 s: frames 208 flows 207; running yes thermal 2,,,,,,,,,,,,
2026-10-03_21-48-05,860.6556862016167,0.182,1,ReferenceKF4,0.1,1292,12.944561999989673,99.81025236705813,10.026999996625818,10.027000011177734,10.028000004240312,0,0,0,0,0,1021,12.943425999997999,78.88174274725702,8.336999992025085,8.337000006577,2178.4369999950286,0.0,0.0,0.0,0.0,10.0,1292,12.944561999989673,99.81025236705813,10.026999996625818,10.027000011177734,10.028000004240312,0,0,0,0,0,0,0.0,0.12425012338027225,0.0,0,237.13156,0.0,0.182,0.211,0.21,0.12626436341509578,1.91340186,0.749918699,1043,calibrate:4;camera_started:2;filter_state:1;hold_still:4;lidar_height:2;mark:2;reset_distance:2;start:1;stop:1;torch:2,1280x720 @ 120 fps; 1 s: frames 110 flows 109; running yes thermal 2 | 1280x720 @ 120 fps; 1 s: frames 112 flows 111; running yes thermal 2,,,,,,,,,,,,
2026-10-03_22-18-56,860.6556862016167,0.187,1,ReferenceKF4,0.1,2090,20.9403500000044,99.80730981094207,10.024000002886169,10.02600000356324,10.02600000356324,0,0,0,0,0,4961,20.94415700000536,236.86797229407372,4.167999999481253,6.252999999560416,6.253000014112331,0.0,0.0,0.0,0.0,0.0,2090,20.9403500000044,99.80730981094207,10.024000002886169,10.02600000356324,10.02600000356324,0,0,0,0,0,0,4.63687258,0.4933465863009775,4.63687258,0,313.697161,0.0,0.187,0.187,0.187,0.5137966954650032,1.70346485,0.16663703,353,filter_state:1;start:1;stop:1,,,,,,,,,,,,,
2026-10-03_22-20-43,860.6556862016167,0.186,1,ReferenceKF4,0.1,2132,21.36267200000293,99.80024970657732,10.024999995948747,10.02600000356324,10.026999996625818,0,0,0,0,0,5092,21.37143100000685,238.26200501025727,4.167999999481253,6.252000006497838,6.253000014112331,0.0,0.0,0.0,0.0,0.0,2132,21.36267200000293,99.80024970657732,10.024999995948747,10.02600000356324,10.026999996625818,0,0,0,0,0,0,4.58332688,0.49910669370992566,4.58332688,0,329.00164700000005,0.0,0.186,0.186,0.186,0.5055884288923804,1.4749772,0.281241276,136,filter_state:1;start:1;stop:1,,,,,,,,,,,,,
2026-10-03_22-22-18,860.6556862016167,0.186,1,ReferenceKF4,0.1,1922,19.25840400000743,99.80058575981988,10.024999995948747,10.026999996625818,10.027000011177734,0,0,0,0,0,4590,19.264741999999387,238.25909529440602,4.167999999481253,6.252000006497838,6.693999996059574,0.0,0.0,0.0,0.0,0.0,1922,19.25840400000743,99.80058575981988,10.024999995948747,10.026999996625818,10.027000011177734,0,0,0,0,0,0,5.2348791,0.48869842556014226,5.2348791,0,249.53448,0.0,0.186,0.186,0.186,0.4963663443835251,1.61187023,0.314070542,229,filter_state:1;start:1;stop:1,,,,,,,,,,,,,
2026-10-03_22-23-45,860.6556862016167,0.187,1,ReferenceKF4,0.1,1705,17.084098999999696,99.80040504331134,10.02600000356324,10.027000011177734,10.028000004240312,0,0,0,0,0,4076,17.086311999999452,238.55352752543268,4.167999999481253,6.251999991945922,6.252999999560416,0.0,0.0,0.0,0.0,0.0,1705,17.084098999999696,99.80040504331134,10.02600000356324,10.027000011177734,10.028000004240312,0,0,0,0,0,0,5.24617709,0.506294393212411,5.24617709,0,250.187519,0.0,0.187,0.187,0.187,0.5081422204010274,1.18725537,0.216994984,88,filter_state:1;start:1;stop:1,,,,,,,,,,,,,
2026-10-03_22-25-09,860.6556862016167,0.187,1,ReferenceKF4,0.1,838,8.391938999993727,99.85773252172429,10.02600000356324,10.027000011177734,10.027000011177734,0,0,0,0,0,2009,8.391010000006645,239.4229061815454,4.167999999481253,4.169000007095747,6.252999999560416,0.0,0.0,0.0,0.0,0.0,838,8.391938999993727,99.85773252172429,10.02600000356324,10.027000011177734,10.027000011177734,0,0,0,0,0,0,5.21405573,1.0640206816448958,5.21405573,0,93.0603151,0.0,0.187,0.187,0.187,1.1027198577651285,5.0139638,0.505330863,93,filter_state:1;start:1;stop:1,,,,,,,,,,,,,
2026-10-03_22-25-47,860.6556862016167,0.187,1,ReferenceKF4,0.1,65,0.6416800000006333,101.29659643425983,10.02600000356324,10.027000011177734,10.027000011177734,0,0,0,0,0,156,0.6461039999994682,241.44719735542327,4.167999999481253,4.169000007095747,4.169000007095747,0.0,0.0,0.0,0.0,0.0,65,0.6416800000006333,101.29659643425983,10.02600000356324,10.027000011177734,10.027000011177734,0,0,0,0,0,0,0.296515155,1.2575145227004332,0.296515155,0,4.28650432,0.8269230769230769,0.187,0.187,0.187,1.8542365716849052,20.9856813,6.91779191,0,camera:2;filter_state:1;start:1;stop:1,1280×720 @ 240 fps  FOV 73.3°; flow 240 Hz; proc 0.09 ms; in 119973 dropped 1827 restarts 0; exp 1/1006 s ISO 2200; f 860.7 px (fov) | 1280×720 @ 240 fps  FOV 73.3°; flow 240 Hz; proc 0.16 ms; in 120118 dropped 1827 restarts 0; exp 1/1006 s ISO 2200; f 860.7 px (fov),,,,,,,,,,,,
2026-10-03_22-33-15_focal_check,923.4835512943347,0.187,1,ReferenceKF4,0.1,155,1.543630000000121,100.4126636564383,10.023999988334253,10.024000002886169,10.024000002886169,0,0,0,0,0,361,1.54647699999623,233.43379824005146,4.167999999481253,6.252999999560416,6.252999999560416,0.0,0.0,0.0,0.0,0.0,155,1.543630000000121,100.4126636564383,10.023999988334253,10.024000002886169,10.024000002886169,0,0,0,0,0,0,0.0,0.00244107589538467,0.0,0,20.6165475,0.0,0.187,0.187,0.187,0.02804795558803386,0.0915560017,0.0249170251,156,filter_state:1;start:1;stop:1,,,,,,,,,,,,,
2026-10-03_22-37-35,923.4835512943347,0.236,1,ReferenceKF4,0.1,1423,14.25678299998981,99.812138544931,10.02600000356324,10.027000011177734,10.027000011177734,0,0,0,0,0,3401,14.26013100000273,238.497107775472,4.167999999481253,6.251999991945922,8.337000006577,0.0,0.0,0.0,0.0,0.0,1423,14.25678299998981,99.812138544931,10.02600000356324,10.027000011177734,10.027000011177734,0,0,0,0,0,0,4.829929,0.5364273598257004,4.829929,0,201.066081,0.0,0.236,0.236,0.236,0.5393637398771929,3.10797128,0.219088659,65,filter_state:1;start:1;stop:1,,,,,,,,,,,,,
2026-10-03_22-38-37,923.4835512943347,0.235,1,ReferenceKF4,0.1,966,9.675689000010607,99.8378513405031,10.026999996625818,10.027000011177734,10.028000004240312,0,0,0,0,0,2309,9.684780000010505,238.41532796795542,4.167999999481253,6.252000006497838,9.899000011500902,0.0,0.0,0.0,0.0,0.0,966,9.675689000010607,99.8378513405031,10.026999996625818,10.027000011177734,10.028000004240312,0,0,0,0,0,0,4.84887507,0.9848464329785104,4.84887507,0,120.702693,0.0,0.235,0.235,0.235,1.0435030878566403,9.08590587,0.587262273,106,filter_state:1;start:1;stop:1,,,,,,,,,,,,,
2026-10-03_22-39-51,923.4835512943347,0.235,1,ReferenceKF4,0.1,860,8.613354000000982,99.8449616722942,10.026999996625818,10.028000004240312,10.029000011854805,0,0,0,0,0,2063,8.616105000008247,239.4353365004286,4.167999999481253,4.169000007095747,6.252999999560416,0.0,0.0,0.0,0.0,0.0,860,8.613354000000982,99.8449616722942,10.026999996625818,10.028000004240312,10.029000011854805,0,0,0,0,0,0,4.814455,1.1110063985572336,4.814455,0,99.9945976,0.0,0.235,0.235,0.235,1.1771398647322875,7.73408529,0.516283702,125,filter_state:1;start:1;stop:1,,,,,,,,,,,,,
2026-10-03_22-54-25,883.8933897290603,0.253,1,ReferenceKF4,0.1,747,7.4807809999911115,99.85588403147847,10.028000004240312,10.028000004240312,10.02899999730289,0,0,0,0,0,1784,7.478129000010085,238.5623462764007,4.167999999481253,6.251999991945922,6.252999999560416,0.0,0.0,0.0,0.0,0.0,747,7.4807809999911115,99.85588403147847,10.028000004240312,10.028000004240312,10.02899999730289,0,0,0,0,0,0,4.84340588,1.331195501785198,4.84340588,0,94.2223717,0.0,0.253,0.253,0.253,1.3659597894078443,5.63794531,0.421095385,145,filter_state:1;start:1;stop:1,,,,,,,,,,,,,
2026-10-03_22-55-58,883.8933897290603,0.252,1,ReferenceKF4,0.1,1290,12.925436000004993,99.80320973307992,10.027000011177734,10.02899999730289,10.029000011854805,0,0,0,0,0,3099,12.930411000008462,239.66755581071413,4.167999999481253,4.169000007095747,6.252999999560416,0.0,0.0,0.0,0.0,0.0,1290,12.925436000004993,99.80320973307992,10.027000011177734,10.02899999730289,10.029000011854805,0,0,0,0,0,0,6.05025265,1.4020633557753703,6.05025265,0,108.989222,0.0,0.252,0.252,0.252,1.4448222441133043,5.07393402,0.368060457,113,filter_state:1;start:1;stop:1,,,,,,,,,,,,,
2026-10-03_22-57-27,883.8933897290603,0.249,1,ReferenceKF4,0.1,1077,10.790378999998211,99.81113731039277,10.028000004240312,10.029000011854805,10.030000004917383,0,0,0,0,0,2533,10.796183999991626,234.619936081301,4.167999999481253,6.252999999560416,6.253000014112331,0.0,0.0,0.0,0.0,0.0,1077,10.790378999998211,99.81113731039277,10.028000004240312,10.029000011854805,10.030000004917383,0,0,0,0,0,0,6.02227319,1.0680215888314433,6.02227319,0,114.284779,0.0,0.249,0.249,0.249,1.1526350401969256,8.11608357,0.38602112,73,filter_state:1;start:1;stop:1,,,,,,,,,,,,,
2026-10-03_22-59-53,883.8933897290603,0.798,1,ReferenceKF4,0.1,953,9.545907000006991,99.83336313660944,10.026999996625818,10.028000004240312,10.02899999730289,0,0,0,0,0,2291,9.553997000009986,239.7949256209318,4.167999999481253,4.169000007095747,6.252999999560416,0.0,0.0,0.0,0.0,0.0,953,9.545907000006991,99.83336313660944,10.026999996625818,10.028000004240312,10.02899999730289,0,0,0,0,0,0,5.69167356,1.3672451412721247,5.69167356,0,19.3628362,0.10650371017023134,0.798,0.798,0.798,1.6101129553510514,5.61836575,0.488506717,32,filter_state:1;start:1;stop:1,,,,,,,,,,,,,
2026-10-03_23-01-53,883.8933897290603,0.792,1,ReferenceKF4,0.1,1589,15.922993000000133,99.79279649246763,10.026999996625818,10.028000004240312,10.02899999730289,0,0,0,0,0,3817,15.930416999995941,239.60452510445725,4.167999999481253,4.169000007095747,11.256999991019256,1.0,0.0,0.0,0.0,0.0,1589,15.922993000000133,99.79279649246763,10.026999996625818,10.028000004240312,10.02899999730289,0,0,0,0,0,0,5.07757904,0.6380093769485614,5.07757904,0,30.825276,0.007859575582918523,0.792,0.792,0.792,0.8836174903866637,4.52079809,0.440850442,42,filter_state:1;start:1;stop:1,,,,,,,,,,,,,
2026-10-03_23-03-20,883.8933897290603,0.793,1,ReferenceKF4,0.1,1430,14.32899599999655,99.7976410908583,10.026999996625818,10.028000004240312,10.02899999730289,0,0,0,0,0,3326,14.335163999989163,232.0168782165669,4.167999999481253,6.252999999560416,6.253000014112331,0.0,0.0,0.0,0.0,0.0,1430,14.32899599999655,99.7976410908583,10.026999996625818,10.028000004240312,10.02899999730289,0,0,0,0,0,0,5.18111305,0.6847663883387027,5.18111305,0,27.8314719,0.011124473842453398,0.793,0.793,0.793,0.855121267658641,4.78712855,0.381421357,22,filter_state:1;start:1;stop:1,,,,,,,,,,,,,
2026-10-03_23-16-00_bg_check,883.8933897290603,0.793,1,ReferenceKF4,0.1,205,2.0449270000099204,100.24807731474301,10.024000002886169,10.025970003771363,10.02600000356324,0,0,0,0,0,61,2.0000519999885,30.49920702079283,33.334000007016584,33.33500000007916,33.33500000007916,0.0,0.0,0.0,0.0,60.0,205,2.0449270000099204,100.24807731474301,10.024000002886169,10.025970003771363,10.02600000356324,0,0,0,0,0,0,0.0,0.007987168394865473,0.0,0,9.96038966,0.19672131147540983,0.793,0.793,0.793,0.03243985514561536,0.0679781422,0.00472103665,200,filter_state:1;start:1;stop:1,,,,,,,,,,,,,
2026-10-03_23-17-08_fps_check,883.8933897290603,0.793,1,ReferenceKF4,0.1,205,2.044927999988431,100.2480282930058,10.024000002886169,10.025000010500662,10.025000010500662,0,0,0,0,0,493,2.0508560000016587,240.38742846869857,4.167999999481253,4.169000007095747,4.169000007095747,0.0,0.0,0.0,0.0,0.0,205,2.044927999988431,100.2480282930058,10.024000002886169,10.025000010500662,10.025000010500662,0,0,0,0,0,0,0.0,0.07522757704970622,0.0,0,16.0838916,0.0,0.793,0.793,0.793,0.2550449707191619,0.172048758,0.00942735747,41,filter_state:1;start:1;stop:1,,,,,,,,,,,,,
2026-10-03_23-23-07,883.8933897290603,0.794,1,ReferenceKF4,0.1,1259,12.616697000004933,99.78839945189361,10.02899999730289,10.030000004917383,10.031000012531877,0,0,0,0,0,2929,12.617779999985942,232.13275235447625,4.167999999481253,6.252999999560416,6.253000014112331,0.0,0.0,0.0,0.0,0.0,1259,12.616697000004933,99.78839945189361,10.02899999730289,10.030000004917383,10.031000012531877,0,0,0,0,0,0,4.18526496,0.7032408404344594,4.18526496,0,23.1183124,0.01707067258449983,0.794,0.794,0.794,0.9672639757514416,3.53810854,0.329615854,0,filter_state:1;start:1;stop:1,,,,,,,,,,,,,
2026-10-03_23-39-53,883.8933897290603,0.263,1,ReferenceKF4,0.1,1058,10.600118999995175,99.81020024402383,10.028000004240312,10.029000011854805,10.030000004917383,0,0,0,0,0,1273,10.60443700000178,120.04409097812417,8.336999992025085,8.337000006577,8.337000006577,0.0,0.0,0.0,0.0,0.0,1058,10.600118999995175,99.81020024402383,10.028000004240312,10.029000011854805,10.030000004917383,0,0,0,0,0,0,5.71884121,1.0529782485310752,5.7193521,0,17.3687766,0.10997643362136685,0.263,0.263,0.263,1.0560872451173586,4.16619932,1.41673531,0,filter_state:1;start:1;stop:1,,,,,,,,,,,,,
2026-10-03_23-40-27,883.8933897290603,0.165,1,ReferenceKF4,0.1,940,9.417033000005176,99.81912562050948,10.02899999730289,10.029000011854805,10.030000004917383,0,0,0,0,0,1130,9.412272000001394,120.05602898002019,8.336999992025085,8.337000006577,8.337000006577,0.0,0.0,0.0,0.0,0.0,940,9.417033000005176,99.81912562050948,10.02899999730289,10.029000011854805,10.030000004917383,0,0,0,0,0,0,5.2593428,1.4565956745455597,5.26636112,0,16.5018878,0.10973451327433628,0.165,0.165,0.165,1.4647297224574432,7.31067054,3.03846549,0,filter_state:1;start:1;stop:1,,,,,,,,,,,,,
2026-10-03_23-41-51,883.8933897290603,0.167,1,ReferenceKF4,0.1,1468,14.711679000000004,99.78466767797201,10.028000004240312,10.029000011854805,10.030000004917383,0,0,0,0,0,1766,14.714489999998477,120.01775120987426,8.336999992025085,8.337000006577,8.337000006577,0.0,0.0,0.0,0.0,0.0,1468,14.711679000000004,99.78466767797201,10.028000004240312,10.029000011854805,10.030000004917383,0,0,0,0,0,0,4.59587137,0.8054874984594835,4.62086336,1,25.8065295,0.04303510758776897,0.167,0.167,0.167,0.7950570104714335,4.40109529,2.02355673,0,filter_state:1;start:1;stop:1,,,,,,,,,,,,,
2026-10-04_00-00-16,883.8933897290603,0.27,1,ReferenceKF4,0.1,1014,10.158076000006986,99.82205291625134,10.028000004240312,10.028000004240312,10.029000011854805,0,0,0,0,0,2438,10.162585999991279,239.89956886978297,4.167999999481253,4.169000007095747,6.252999999560416,0.0,0.0,0.0,0.0,0.0,1014,10.158076000006986,99.82205291625134,10.028000004240312,10.028000004240312,10.029000011854805,0,0,0,0,0,0,5.89143612,0.832405022751347,5.89598619,0,13.39739255,0.23133716160787532,0.165896449,0.41140631,0.25666167900000003,0.8560144978507161,4.05261418,2.07961512,0,filter_state:1;start:1;stop:1,,,,,,,,,,,,,
2026-10-04_00-01-22,883.8933897290603,0.261,1,ReferenceKF4,0.1,747,7.4816439999995055,99.84436575705143,10.02899999730289,10.030000004917383,10.030000004917383,0,0,0,0,0,1796,7.486464000001433,239.89963753243936,4.167999999481253,4.169000007095747,6.252999999560416,0.0,0.0,0.0,0.0,0.0,747,7.4816439999995055,99.84436575705143,10.02899999730289,10.030000004917383,10.030000004917383,0,0,0,0,0,0,4.02196538,1.4275257953621305,4.04688304,1,12.29660405,0.3145879732739421,0.144031209,0.394834538,0.26022234050000004,1.4287693190885054,4.97379554,2.41664481,4,filter_state:1;start:1;stop:1,,,,,,,,,,,,,
2026-10-04_01-14-56,883.8933897290603,0.191,1,ReferenceKF4,0.1,1246,12.484206000008271,99.8061070122661,10.027000011177734,10.028000004240312,10.02899999730289,0,0,0,0,0,2965,12.488559000004898,237.4173033092799,4.167999999481253,6.252999999560416,6.253000014112331,0.0,0.0,0.0,0.0,0.0,1246,12.484206000008271,99.8061070122661,10.027000011177734,10.028000004240312,10.02899999730289,0,0,0,0,0,12,19.8029885,4.940610346727058,19.8097278,6,12.0555707,0.45463743676222595,0.0636666667,0.188167157,0.0636666667,4.80777496752798,5.10887797,0.603550375,28,filter_state:1;hold_still:1;start:1;stop:1,,11.010160999998334,1.0899023184131291,1002.6820000057342,1012.7796999906423,1012.7799999900162,0.0,0.0,0.0,0.0,0.0,8.39368441,0.9003959085
2026-10-04_01-15-11,883.8933897290603,0.191,1,ReferenceKF4,0.1,9185,92.09428299999854,99.73474683548105,10.027999989688396,10.028000004240312,10.029000011854805,0,0,0,0,0,21468,92.08871100000397,233.12303719832798,4.167999999481253,4.169000007095747,2065.682000000379,0.0,0.0,0.0,0.0,6.0,9185,92.09428299999854,99.73474683548105,10.027999989688396,10.028000004240312,10.029000011854805,0,0,0,0,0,92,0.0460030252,0.7021211927629066,0.307676244,2,45.52449245,0.0032606670393143283,0.0636666667,0.219087311,0.093413714,0.6680604055381801,7.06229869,2.05010462,496,calibrate:7;camera_started:1;dashboard_connected:1;filter_state:1;hold_still:2;lidar_height:1;mark:4;reset_distance:4;start:1;stop:1;torch:1,1280x720 @ 240 fps; 1 s: frames 208 flows 207; running yes thermal 1,91.00126300001284,1.0109749795449214,1002.75599998713,1013.8187999895307,1022.8079999942565,0.0,0.0,0.0,0.0,0.0,3.19647793,1.3434444700000001
2026-10-04_01-16-56,883.8933897290603,0.156,1,ReferenceKF4,0.1,14614,146.54338500001177,99.72473339549803,10.028000004240312,10.030000004917383,10.030999997979961,0,0,0,0,0,33956,146.54766799999925,231.70617767865247,4.167999999481253,4.169000007095747,2113.0469999916386,0.0,0.0,0.0,0.0,12.0,14614,146.54338500001177,99.72473339549803,10.028000004240312,10.030000004917383,10.030999997979961,0,0,0,0,0,146,0.00263900258,2.1117940727967954,8.45887484,5,78.4536183,0.016521380610201437,0.052,0.468,0.09753573765000001,8.110386439954876,9.01778452,3.2090497,1557,calibrate:13;camera_started:2;dashboard_connected:2;filter_state:1;hold_still:4;lidar_height:2;mark:8;reset_distance:8;start:1;stop:1;torch:2,1280x720 @ 240 fps; 1 s: frames 202 flows 201; running yes thermal 1 | 1280x720 @ 240 fps; 1 s: frames 205 flows 204; running yes thermal 1,144.99898599999142,1.0069035931051866,1002.7890000055777,1012.9599200031953,1022.8800000040792,0.0,0.0,0.0,0.0,0.0,3.51076581,1.12780955
2026-10-04_01-19-31,883.8933897290603,0.173,1,ReferenceKF4,0.1,20013,200.7007799999992,99.71560648643258,10.02899999730289,10.030000004917383,10.031000012531877,0,0,0,0,0,48095,200.7089110000088,239.6256337617112,4.167999999481253,4.169000007095747,6.252999999560416,0.0,0.0,0.0,0.0,0.0,20013,200.7007799999992,99.71560648643258,10.02899999730289,10.030000004917383,10.031000012531877,0,0,0,0,0,201,169.615626,6.00843066394687,169.634037,3,26.2476196,0.09375194926707558,0.0576666667,0.283607589,0.0598413926,6.1165358810856825,9.20130335,2.07667208,0,camera:1;filter_state:1;start:1;stop:1,1280×720 @ 240 fps  FOV 73.3°; flow 240 Hz; proc 0.73 ms; in 659158 dropped 26221 restarts 0; exp 1/1006 s ISO 2200; f 883.9 px (fov),200.0188199999975,1.0049054383982592,1002.8795000034734,1022.9931199914427,1032.956999988528,0.0,0.0,0.0,0.0,0.0,8.93828352,0.910624161
2026-10-04_01-42-40,883.8933897290603,0.173,1,ReferenceKF4,0.1,8812,88.3676179999893,99.71978649465312,10.02899999730289,10.030000004917383,10.030999997979961,0,0,0,0,0,21186,88.37029099999927,239.7412044280829,4.167999999481253,4.169000007095747,6.252999999560416,0.0,0.0,0.0,0.0,0.0,8812,88.3676179999893,99.71978649465312,10.02899999730289,10.030000004917383,10.030999997979961,0,0,0,0,0,29,3.37330641,0.9933914400828204,3.37330641,0,12.140015550000001,0.16237137732464835,0.115333333,0.2595,0.2485946565,14.434292253087317,12.6431196,8.43457985,397,camera:2;dashboard_connected:3;filter_state:1;start:1;stop:1,1280×720 @ 240 fps  FOV 73.3°; flow 240 Hz; proc 0.46 ms; in 35276 dropped 152 restarts 0; exp 1/1006 s ISO 2200; f 883.9 px (fov) | 1280×720 @ 240 fps  FOV 73.3°; flow 240 Hz; proc 0.81 ms; in 56451 dropped 167 restarts 0; exp 1/1006 s ISO 2200; f 883.9 px (fov),49.754819000008865,0.5828581147083428,997.0744999955059,14485.584800004295,17992.253000003984,0.0,0.0,0.0,0.0,3.0,1.28442132,1.26860152
2026-10-04_01-45-02,883.8933897290603,0.162,1,ReferenceKF4,0.1,81,0.8022950000013225,100.96036993857183,10.02899999730289,10.029000011854805,10.029000011854805,0,0,0,0,0,193,0.8003349999926286,241.14901885057833,4.167999999481253,4.169000007095747,4.169000007095747,0.0,0.0,0.0,0.0,0.0,81,0.8022950000013225,100.96036993857183,10.02899999730289,10.029000011854805,10.029000011854805,0,0,0,0,0,0,0.000787751467,0.031459809481869404,0.00182550754,0,479.291523,0.0,0.152417896,0.152952765,0.152738539,0.03596110151758171,0.324762115,0.0667290688,23,filter_state:1;start:1;stop:1,,,,,,,,,,,,,
2026-10-04_01-45-16,883.8933897290603,0.155,1,ReferenceKF4,0.1,52954,530.9999490000046,99.72505665909121,10.028000004240312,10.029000011854805,10.030999997979961,0,0,0,0,0,126239,531.0053899999912,237.7358165799449,4.167999999481253,6.252999999560416,8.337000006577,0.0,0.0,0.0,0.0,0.0,52954,530.9999490000046,99.72505665909121,10.028000004240312,10.029000011854805,10.030999997979961,0,0,0,0,0,489,527.075073,8.300828630742943,527.102762,3,81.9265321,0.023455508994843114,0.103333333,0.2325,0.11539883,8.395943151101347,12.0649597,3.01625562,13640,filter_state:1;start:1,,529.0043759999971,0.9243779866199116,1002.6724999988801,2134.608440007428,28009.67899999523,0.0,0.0,0.0,0.0,4.0,12.7942858,1.34318605
2026-10-04_01-59-42,883.8933897290603,0.171,1,ReferenceKF4,0.1,32207,322.9686480000091,99.72175379697875,10.028000004240312,10.029000011854805,10.030000004917383,0,0,0,0,0,77096,322.9762679999985,238.70484502595204,4.167999999481253,4.169000007095747,837.2630000085337,0.0,0.0,0.0,0.0,2.0,32207,322.9686480000091,99.72175379697875,10.028000004240312,10.029000011854805,10.030000004917383,0,0,0,0,0,316,78.7029431,10.603153328460964,287.801801,1,44.779191999999995,0.05184445366815399,0.171,0.171,0.171,18.796496359437572,30.3370298,8.60454845,916,calibrate:2;camera:1;camera_interrupted:2;camera_interruption_ended:2;filter_state:1;reset_distance:4;start:1;stop:1,reason 1 | nan | reason 1 | nan,322.01607800000056,0.981317460800822,1002.7989999944111,1659.639459998583,8313.222000011592,3.0,0.0,0.0,0.0,1.0,13.1102294,3.731299655
2026-10-04_02-26-06,883.8933897290603,0.171,1,ReferenceKF4,0.1,876,8.773144999999204,99.85016775626978,10.02600000356324,10.027000011177734,10.028000004240312,0,0,0,0,0,2106,8.778673000007984,239.89958391183777,4.167999999481253,4.169000007095747,6.252999999560416,0.0,0.0,0.0,0.0,0.0,876,8.773144999999204,99.85016775626978,10.02600000356324,10.027000011177734,10.028000004240312,0,0,0,0,0,0,0.399925146,1.85078103392892,0.424259492,0,20.1110732,0.07454890788224122,0.171,0.171,0.171,3.7575087212327793,4.00990375,2.09051991,0,camera:2;filter_state:1;start:1;stop:1,1280×720 @ 240 fps  FOV 73.3°; flow 240 Hz; proc 0.11 ms; in 31512 dropped 301 restarts 0; exp 1/1006 s ISO 750; f 883.9 px (fov) | 1280×720 @ 240 fps  FOV 73.3°; flow 240 Hz; proc 0.09 ms; in 33606 dropped 302 restarts 0; exp 1/1006 s ISO 750; f 883.9 px (fov),,,,,,,,,,,,
2026-10-04_02-26-30,883.8933897290603,0.32,1,ReferenceKF4,0.1,1570,15.732097000000067,99.79597761188437,10.026999996625818,10.028000004240312,10.02899999730289,0,0,0,0,0,3768,15.739918999999645,239.39132088291464,4.167999999481253,4.169000007095747,6.252999999560416,0.0,0.0,0.0,0.0,0.0,1570,15.732097000000067,99.79597761188437,10.026999996625818,10.028000004240312,10.02899999730289,0,0,0,0,0,0,6.83590756,0.7163303450000413,6.8546393,0,12.99568015,0.220276008492569,0.32,0.32,0.32,1.905191122211667,8.48707371,1.58849859,0,camera:2;filter_state:1;start:1;stop:1,1280×720 @ 240 fps  FOV 73.3°; flow 230 Hz; proc 0.15 ms; in 36274 dropped 314 restarts 0; exp 1/1013 s ISO 2200; f 883.9 px (fov) | 1280×720 @ 240 fps  FOV 73.3°; flow 240 Hz; proc 0.12 ms; in 40031 dropped 322 restarts 0; exp 1/1013 s ISO 2200; f 883.9 px (fov),,,,,,,,,,,,
2026-10-04_02-27-20,883.8933897290603,0.506,1,ReferenceKF4,0.1,2847,28.54392199999711,99.74102367573343,10.027999989688396,10.029000011854805,15.043000006699003,0,0,0,0,0,6840,28.54944400000386,239.5843505743606,4.167999999481253,4.169000007095747,6.252999999560416,0.0,0.0,0.0,0.0,0.0,2847,28.54392199999711,99.74102367573343,10.027999989688396,10.029000011854805,15.043000006699003,0,0,0,0,0,0,11.9890761,0.752435171760806,11.9890761,0,13.65875555,0.22894736842105262,0.506,0.506,0.506,3.1163175305950612,9.75187562,2.34937811,9,camera:2;filter_state:1;start:1;stop:1,1280×720 @ 240 fps  FOV 73.3°; flow 240 Hz; proc 0.13 ms; in 47579 dropped 346 restarts 0; exp 1/1013 s ISO 2200; f 883.9 px (fov) | 1280×720 @ 240 fps  FOV 73.3°; flow 240 Hz; proc 0.15 ms; in 54407 dropped 356 restarts 0; exp 1/1013 s ISO 2200; f 883.9 px (fov),,,,,,,,,,,,
