t,gps,gps_acc,est,est_nognss,flow,q_med,h,err_est,err_nognss,err_flow
0.08022200000414159,0.0687613634,3.76266057,0.00924876099423423,0.00924876099423423,,0.0,0.171,-0.059512602405765766,-0.059512602405765766,
1.0829979999980424,0.0410357109,3.73217192,0.005006486767307971,0.005006470118070126,0.005384645803991683,433.20383549999997,0.171,-0.03602922413269203,-0.03602924078192987,-0.03565106509600832
2.0958000000100583,0.0,3.72763163,0.17474778265218574,0.1747477923429985,0.16514256135294458,201.083456,0.171,0.17474778265218574,0.1747477923429985,0.16514256135294458
3.088541000004625,1.25855145,3.71866747,1.5106005477565612,1.510600562423712,1.5076774785709652,106.55010899999999,0.171,0.25204909775656126,0.2520491124237121,0.24912602857096533
4.081281000006129,2.96210766,2.49145165,3.3430629895309782,3.343063006688223,3.335358659857163,81.4047187,0.171,0.3809553295309782,0.3809553466882232,0.3732509998571629
5.114205999998376,4.07838039,2.32880517,4.151322859405609,4.151322873235989,4.146721631415351,53.9584205,0.171,0.07294246940560889,0.0729424832359884,0.06834124141535103
6.086819000003743,4.50350777,2.26538927,4.517001121227188,4.517001132912771,4.491978017304655,62.369503449999996,0.171,0.0134933512271882,0.013493362912771367,-0.01152975269534462
7.08959099999629,4.6170435,2.24821878,4.712112875975385,4.712112892303577,4.424296461753463,54.7200676,0.171,0.09506937597538467,0.0950693923035768,-0.19274703824653727
8.092367000004742,4.64579737,2.26616961,4.384312877615323,4.384312890211973,4.511911411442845,49.2469114,0.171,-0.2614844923846773,-0.26148447978802736,-0.13388595855715568
9.085120000003371,4.76144675,2.2310106,4.670972554895105,4.670972566728978,4.778794360944172,41.1530563,0.171,-0.0904741951048953,-0.09047418327102186,0.0173476109441717
10.097929000010481,4.78072409,2.2338969,4.795122926011154,4.795122947664405,4.709814747353844,46.42684115,0.171,0.014398836011154437,0.014398857664405185,-0.07090934264615534
11.090687000003527,4.83197162,2.23804005,4.7209675392648,4.720967553027131,4.747614829903185,48.7041302,0.171,-0.11100408073520018,-0.11100406697286935,-0.08435679009681518
12.093474000008428,5.01096998,2.19717144,4.8383107232155025,4.838310729247016,4.89428993281747,45.78998475,0.171,-0.17265925678449712,-0.17265925075298316,-0.11668004718252956
13.086235000009765,5.18259383,2.18775574,5.019262583500831,5.01926259638683,5.0381642088874905,54.76279495,0.171,-0.16333124649916897,-0.16333123361317003,-0.14442962111250957
14.08902400000079,5.28324325,2.1712902,4.9080924673698645,4.908092478030159,5.102750568420968,45.648067499999996,0.171,-0.37515078263013546,-0.3751507719698406,-0.18049268157903153
15.101842000003671,5.30573574,2.17883548,5.2221291294199625,5.222129144909776,5.11941241703547,45.9998556,0.171,-0.08360661058003771,-0.08360659509022383,-0.18632332296453047
16.084577000001445,5.2556014,2.17785505,4.946514657635884,4.94651467243706,5.026877674627132,40.05147505,0.171,-0.3090867423641157,-0.3090867275629394,-0.228723725372868
17.10742400000163,4.96168222,2.20295119,4.816630068311791,4.8166300775970265,4.853465386015904,51.021374800000004,0.171,-0.14505215168820929,-0.1450521424029736,-0.10821683398409654
18.10018900000432,4.42950224,2.25918985,4.279528585254452,4.2795286054881405,4.407968139290768,57.46262175,0.171,-0.1499736547455477,-0.1499736345118592,-0.021534100709232007
19.102985000004992,4.45096644,2.26274564,4.401584738371906,4.401584756247797,4.38353615198372,55.875433,0.171,-0.04938170162809463,-0.049381683752202754,-0.06743028801628004
20.08572699999786,4.72523041,2.25392363,4.743614559246437,4.743614581088172,4.5834407366675425,47.0965674,0.171,0.01838414924643672,0.018384171088172252,-0.1417896733324575
21.09855000000971,5.0377257,2.22064937,4.497543686037985,4.497543705957348,4.719822660808294,47.15045015,0.171,-0.5401820139620153,-0.5401819940426522,-0.31790303919170615
22.0812900000019,5.0415523,2.19054596,4.63708795721483,4.637087974841275,4.722889170148602,46.5054151,0.171,-0.40446434278516996,-0.40446432515872477,-0.318663129851398
23.104143999997177,4.90196128,2.22218192,4.745245035699358,4.745245046409777,4.570478379592796,46.6003651,0.171,-0.15671624430064224,-0.15671623359022302,-0.3314829004072042
24.096919000003254,4.74181195,2.22363502,4.145592256178946,4.145592258513347,4.132213454266407,48.0801006,0.171,-0.5962196938210536,-0.5962196914866524,-0.6095984957335929
25.089695000002393,4.02186258,2.31109432,3.511526411361319,3.5115264330019507,3.5041962037991476,36.6082269,0.171,-0.5103361686386805,-0.510336146998049,-0.517666376200852
26.09250400000019,3.0212392,2.44697453,3.2048340374265414,3.204834070146317,3.233391144544358,52.6403228,0.171,0.18359483742654126,0.18359487014631704,0.21215194454435782
27.085289000009652,2.76708273,2.4794549,3.0650000366434638,3.065000081620376,3.076470377073651,68.09647559999999,0.171,0.29791730664346394,0.29791735162037636,0.3093876470736512
28.098137000008137,2.34917102,2.51738815,2.5973158813598,2.5973159190828214,2.6363380659344564,68.9362157,0.171,0.24814486135979985,0.24814489908282145,0.2871670459344564
29.100958000009996,1.97824356,2.52495542,2.2161238187336227,2.216123865896115,2.2172106148880637,80.9893514,0.171,0.23788025873362284,0.23788030589611497,0.2389670548880638
30.103828999999678,1.73475884,2.52591204,2.030514504667035,2.0305145440342387,2.0229744743927696,94.48988015,0.171,0.29575566466703496,0.2957557040342387,0.28821563439276954
31.096579000004567,1.51380896,2.52882308,1.9300906622629832,1.9300907106033278,1.8786668832102327,86.6806248,0.171,0.4162817022629832,0.41628175060332784,0.3648579232102327
32.08938099999796,1.64595586,2.52987171,2.265623024317537,2.2656230707636893,2.2688304499824907,90.8985266,0.171,0.6196671643175371,0.6196672107636894,0.6228745899824908
33.102244000008795,2.01759964,2.54160985,2.998507176152806,2.998507227019707,3.001204011902559,62.6618589,0.171,0.9809075361528063,0.9809075870197073,0.9836043719025591
34.10508200000913,2.41966143,2.5068469,3.5033093033354397,3.503309352091465,3.521234635188394,52.1899063,0.171,1.0836478733354395,1.083647922091465,1.101573205188394
35.09789800000726,3.20584202,2.4159604,3.612346167063244,3.6123462077176756,3.7853787493251794,52.806917850000005,0.171,0.4065041470632442,0.4065041877176756,0.5795367293251794
36.100745999996434,3.08866513,2.43022084,3.607341875217786,3.6073418905818744,3.6106476530419087,65.38738415,0.171,0.5186767452177863,0.5186767605818745,0.5219825230419088
37.08354099999997,2.63580925,2.49547882,3.193877865488762,3.1938778794437974,3.2509889624616175,59.288333050000006,0.171,0.5580686154887622,0.5580686294437975,0.6151797124616176
38.08639799999946,2.42257821,2.52015441,3.0421562440870393,3.042156257344871,3.068903488898636,73.55042940000001,0.171,0.6195780340870392,0.6195780473448709,0.6463252788986358
39.09928700000455,2.16239357,2.54202229,2.1198662626571525,2.1198662786617586,2.1232173439056496,75.48869325,0.171,-0.042527307342847376,-0.04252729133824129,-0.03917622609435023
40.09212300000945,0.476885834,3.6949557,0.257818862299434,0.25781888414680987,0.26822112787582075,140.8159255,0.171,-0.219066971700566,-0.21906694985319014,-0.20866470612417926
41.084961000000476,0.0681258456,3.7343191,0.026471974446698566,0.026472079180022395,0.0335071092807602,111.3596465,0.171,-0.041653871153301436,-0.0416537664199776,-0.0346187363192398
42.087830999997095,0.102399634,3.73424803,0.06185702623793454,0.06185713890571322,0.037887218303117226,61.3024878,0.171,-0.04054260776206546,-0.040542495094286785,-0.06451241569688278
43.080673000004026,0.218244505,3.72755734,0.19948831453382726,0.19948826191041422,0.07666833305506127,32.7249995,0.171,-0.018756190466172745,-0.01875624308958579,-0.14157617194493874
44.09357700000692,0.0873712034,3.73639735,0.04801086196433316,0.048010852223230205,0.04209066191952118,58.5838187,0.171,-0.03936034143566684,-0.039360351176769795,-0.04528054148047882
45.09645399999863,0.14235042,3.72964224,0.07513892366469767,0.0751388495652937,0.07526938323038586,36.66811425,0.171,-0.06721149633530234,-0.06721157043470631,-0.06708103676961415
46.089303000000655,0.259907356,3.72511419,0.06756659652462246,0.06756659550968643,0.06226014931333294,30.0129428,0.171,-0.19234075947537752,-0.19234076049031357,-0.19764720668666705
47.092184000008274,0.185315643,3.74377236,0.023999138919281644,0.023999081221654416,0.036281117862049586,58.123940000000005,0.171,-0.16131650408071835,-0.16131656177834558,-0.1490345251379504
48.09506500000134,0.124429941,3.76337585,0.02119447312772415,0.02119456669589988,0.019725445011246005,127.15169499999999,0.171,-0.10323546787227586,-0.10323537430410012,-0.104704495988754
49.0879200000054,0.0841928633,3.73134354,0.013185125262326035,0.013185217683142092,0.01335902049226484,165.31588,0.171,-0.07100773803767396,-0.0710076456168579,-0.07083384280773516
50.080778999996255,0.0771759565,3.7499939,0.016873983268255992,0.016873895500152614,0.005950141905264327,316.6675675,0.171,-0.06030197323174401,-0.06030206099984739,-0.07122581459473568
51.08366499999829,0.0,3.72632149,0.003280994770774287,0.0032810435584370154,0.004225962002193205,375.170269,0.171,0.003280994770774287,0.0032810435584370154,0.004225962002193205
52.08655400000862,0.0479192325,3.72869598,0.012165337323448414,0.012165244996412014,0.006947642210302478,387.7647975,0.171,-0.03575389517655159,-0.035753987503587985,-0.04097159028969752
53.089443000004394,0.101834213,3.7575487,0.0062156030228376,0.0062155141832752015,0.0035441396391495805,400.476547,0.171,-0.0956186099771624,-0.0956186988167248,-0.09829007336085042
54.09232900000643,0.0,3.71881852,0.0036362843713867873,0.0036363107091028895,0.0056273443033337395,438.30315299999995,0.171,0.0036362843713867873,0.0036363107091028895,0.0056273443033337395
55.085184000010486,0.0,3.72343128,0.002577029997072832,0.002577045943993748,0.0032102285363481056,534.943139,0.171,0.002577029997072832,0.002577045943993748,0.0032102285363481056
56.07803299999796,0.0,3.72340995,0.0035052372010546716,0.0035052140810146555,0.004470534244186593,375.495352,0.171,0.0035052372010546716,0.0035052140810146555,0.004470534244186593
57.08090500000981,0.028856643,3.69815226,0.0073049784123423766,0.0073049411508406565,0.006111013462856507,315.658608,0.171,-0.021551664587657626,-0.021551701849159347,-0.022745629537143493
58.09379900000931,0.0149556901,3.74056992,0.005692390978669492,0.005692361041042169,0.0071178118788350255,215.645106,0.171,-0.009263299121330507,-0.009263329058957832,-0.007837878221164975
59.08663000000524,0.0164326095,3.72401284,0.0013978249499195287,0.0013978365653395856,0.0027417975305111288,432.128,0.171,-0.015034784550080471,-0.015034772934660415,-0.013690811969488872
60.089480000009644,0.0,3.72299076,0.004217224071563367,0.004217295319318374,0.0029090410186866913,538.923726,0.171,0.004217224071563367,0.004217295319318374,0.0029090410186866913
61.082297000000835,0.0,3.73886655,0.002040646998506748,0.002040713228481542,0.0027282437914690183,524.374823,0.171,0.002040646998506748,0.002040713228481542,0.0027282437914690183
62.08513500000117,0.0,3.71982716,0.004945974716311724,0.004945931723822959,0.004572752516785222,366.883203,0.171,0.004945974716311724,0.004945931723822959,0.004572752516785222
63.08796400000574,0.0,3.729914,0.01428100076552441,0.014280919615449795,0.009142249561317005,206.182723,0.171,0.01428100076552441,0.014280919615449795,0.009142249561317005
64.08075700000336,0.0,3.72432839,0.010528509009044352,0.010528431240819536,0.008286268991232243,138.705068,0.171,0.010528509009044352,0.010528431240819536,0.008286268991232243
65.08356900000945,0.11613328,3.71495505,0.010909576490213046,0.010909574688522687,0.010760132363189998,205.304888,0.171,-0.10522370350978696,-0.10522370531147732,-0.10537314763681001
66.08637200000521,0.0694871391,3.73125577,0.013950471628971312,0.013950526979003298,0.012978980444417167,148.72187200000002,0.171,-0.055536667471028686,-0.0555366121209967,-0.05650815865558283
67.09919700000319,0.290427187,3.70233773,0.20165496612825343,0.2016549856723235,0.20026453785897258,157.733965,0.171,-0.08877222087174655,-0.08877220132767646,-0.0901626491410274
68.08193400000164,1.18257817,3.72347538,1.740255507953797,1.7402555353443863,1.7387486051462793,91.1282417,0.171,0.5576773379537969,0.5576773653443863,0.5561704351462793
69.09474899999623,2.59820123,2.54158035,3.2206839042267896,3.2206839233155695,3.216912890100826,66.8705304,0.171,0.6224826742267897,0.6224826933155696,0.6187116601008262
70.10756099999708,3.7799655,2.37777013,4.326805760211692,4.32680578708516,4.330317924040895,51.036039349999996,0.171,0.5468402602116922,0.5468402870851601,0.5503524240408955
71.10031999999774,4.80415718,2.26015968,5.407820765567067,5.4078207856363925,5.348875998382475,42.456393899999995,0.171,0.6036635855670669,0.6036636056363927,0.5447188183824752
72.10310600000957,5.72499443,2.15216458,6.0549197528446355,6.054919786892692,6.160421728161765,36.60538255,0.171,0.3299253228446357,0.32992535689269253,0.4354272981617653
73.1159239999979,6.44270032,2.08713618,7.2303735135413705,7.230373543801248,7.028234012324365,28.1623936,0.171,0.7876731935413703,0.7876732238012476,0.5855336923243648
74.10869000000821,6.71449309,2.06453984,7.437698149141911,7.4376981866728045,7.474456673790596,21.25602485,0.171,0.723205059141911,0.7232050966728041,0.7599635837905954
75.09143300000869,7.6999616,1.97020158,8.662635920731734,8.662635953554423,8.719320451768631,22.275624049999998,0.171,0.9626743207317343,0.9626743535544229,1.0193588517686312
76.10426500000176,8.65635425,1.9373906,9.539249364157117,9.53924940094889,9.621874650444186,29.2119512,0.171,0.8828951141571171,0.8828951509488903,0.965520400444186
77.10707500000717,8.49248367,1.9347013,8.706553496074516,8.706553533196557,8.829075375261572,30.15705865,0.171,0.21406982607451575,0.2140698631965563,0.3365917052615721
78.08983199999784,8.01330847,1.96671024,8.43299457360904,8.43299461375318,8.375673768790442,30.149600749999998,0.171,0.41968610360904,0.4196861437531805,0.36236529879044177
79.09265000000596,7.73703601,5.40254526,8.119386214617652,8.119386243619658,8.105923082150332,17.8679473,0.171,0.38235020461765235,0.3823502336196585,0.3688870721503319
80.10550099999818,6.60820969,2.72009966,6.608047319427599,6.608047357062931,6.858786208361515,27.4829617,0.171,-0.0001623705724007607,-0.00016233293706857665,0.2505765183615152
81.10832900000969,6.08800872,2.6827789,6.689086008732341,6.689086037527105,6.62886157835177,42.6707728,0.171,0.6010772887323403,0.6010773175271042,0.5408528583517693
82.111161000008,5.84781497,2.65485442,5.896920308419996,5.896920342755141,5.694804847951193,49.5297009,0.171,0.04910533841999598,0.049105372755141374,-0.1530101220488067
83.09393800000544,6.36414426,2.63942536,5.511740847159608,5.511740908247987,5.465068926902335,41.93707565,0.171,-0.8524034128403919,-0.8524033517520131,-0.8990753330976649
84.10680700000376,5.52356715,2.70742112,5.114465551131739,5.114465587248504,5.031545371444638,40.517996499999995,0.171,-0.4091015988682605,-0.4091015627514958,-0.4920217785553618
85.10964900000545,4.56695446,2.70173255,4.882030876446343,4.882030928446517,4.830601406760923,43.7963651,0.171,0.31507641644634354,0.3150764684465175,0.2636469467609235
86.09243800000695,3.77341438,2.70915658,4.530896607302094,4.5308966517081775,4.5321208984206205,44.6595389,0.171,0.757482227302094,0.7574822717081773,0.7587065184206203
87.09528700000374,2.85177734,2.68099772,4.076707061765329,4.076707104780931,4.088480921643619,48.12375215,0.171,1.2249297217653288,1.2249297647809314,1.236703581643619
88.09814000000188,2.71002683,2.66005498,3.8393944073136925,3.8393944515362657,3.891465446192218,42.88773825,0.171,1.1293675773136926,1.1293676215362658,1.1814386161922181
89.10099400000763,2.71175059,2.6691068,3.509527072845436,3.5095271193987125,3.5178870024467646,39.19721775,0.171,0.7977764828454363,0.7977765293987127,0.8061364124467647
90.10392700000375,3.14915379,2.70105309,3.0348470919529453,3.034847120526602,3.03298622601518,54.7038218,0.171,-0.11430669804705484,-0.11430666947339807,-0.11616756398482009
91.0966849999968,2.46201615,2.71446195,1.7215365125113191,1.7215365319801759,1.7125397823666635,65.20657320000001,0.171,-0.7404796374886811,-0.7404796180198243,-0.7494763676333367
92.09954599999764,0.167751524,4.05852533,0.16466917817614438,0.16466919262143034,0.10997798635305414,41.933474149999995,0.171,-0.0030823458238556367,-0.0030823313785696693,-0.05777353764694587
93.08235300000524,0.099950351,4.05088678,0.08712838609237011,0.08712846113130618,0.04243918413782715,41.8985389,0.171,-0.012821964907629893,-0.012821889868693828,-0.057511166862172856
94.0852190000005,0.138468893,4.08320461,0.010934390179086836,0.010934326617098613,0.030039571850306764,82.5550956,0.171,-0.12753450282091316,-0.1275345663829014,-0.10842932114969325
95.08808800000406,0.114580474,4.05544224,0.09835205869773862,0.09835211632236922,0.06633422412512271,38.703965100000005,0.171,-0.01622841530226138,-0.016228357677630784,-0.04824624987487729
96.090956,0.0638793796,4.05861343,0.01225999398948367,0.01225994830736137,0.04038494315476168,75.26535355,0.171,-0.05161938561051632,-0.05161943129263862,-0.023494436445238312
97.08379800000694,0.0,4.08704205,0.005779474536054814,0.0057794389657163025,0.006627192129881979,296.5034705,0.171,0.005779474536054814,0.0057794389657163025,0.006627192129881979
98.0866709999973,0.0,4.07779106,0.04612163304497454,0.0461216706071184,0.013237603003279757,170.1213445,0.171,0.04612163304497454,0.0461216706071184,0.013237603003279757
99.08954500000982,0.0,4.08890837,0.01951995171701584,0.01951990638545505,0.010980475469253832,144.3846535,0.171,0.01951995171701584,0.01951990638545505,0.010980475469253832
100.0924190000078,0.0,4.06190311,0.0008613638744795098,0.0008613547954191183,0.005372125020706683,284.62044149999997,0.171,0.0008613638744795098,0.0008613547954191183,0.005372125020706683
101.0852670000022,0.0,4.05155258,0.009108540474478316,0.009108595560226161,0.0099414014832106,159.4648385,0.171,0.009108540474478316,0.009108595560226161,0.0099414014832106
102.08814300000085,0.0,4.06548528,0.0070096738597359405,0.007009730620672402,0.006128950096539741,269.596997,0.171,0.0070096738597359405,0.007009730620672402,0.006128950096539741
103.09101800000644,0.0,4.07962843,0.01581378550552465,0.01581380179631831,0.009744892952762686,229.337814,0.171,0.01581378550552465,0.01581380179631831,0.009744892952762686
104.08386300000711,0.0,4.08749366,0.003427798394602554,0.003427782924008314,0.0049428248381773714,335.676219,0.171,0.003427798394602554,0.003427782924008314,0.0049428248381773714
105.08673199999612,0.0,4.09500465,0.01475589988257676,0.014755842204715694,0.011784641664733232,178.06950899999998,0.171,0.01475589988257676,0.014755842204715694,0.011784641664733232
106.0795700000017,0.300949368,4.08117643,0.11513367419774993,0.11513373661416065,0.042337358835879635,69.26200829999999,0.171,-0.18581569380225005,-0.18581563138583934,-0.25861200916412036
107.08243300000322,0.205278434,4.0415317,0.03812517366569749,0.03812515778571905,0.03387847923682067,97.3306504,0.171,-0.16715326033430253,-0.16715327621428094,-0.17139995476317935
108.08529200000339,0.190610329,4.09980924,0.015640412745883438,0.01564040959831782,0.033631317628831384,48.1932087,0.171,-0.17496991625411656,-0.17496991940168216,-0.1569790113711686
109.08814800000982,0.0358244289,4.05028419,0.1087925948715671,0.108792529037429,0.032017470221018134,72.14822645,0.171,0.0729681659715671,0.072968100137429,-0.003806958678981863
110.09100300000864,0.0743990086,3.7346341,0.013810590109280159,0.013810543140688808,0.021469109536514163,88.0679395,0.171,-0.06058841849071984,-0.06058846545931119,-0.05292989906348583
111.09385800000746,0.143012209,3.78032061,0.17731576404786537,0.17731580680984452,0.10584295090090284,30.0771115,0.171,0.034303555047865364,0.034303597809844516,-0.03716925809909716
112.08668100000068,0.105417034,3.75993329,0.04206489567305624,0.04206487093332866,0.0640028119748363,54.166176300000004,0.171,-0.06335213832694377,-0.06335216306667135,-0.041414222025163705
113.0795070000022,0.155425808,3.73868531,0.013422152236042007,0.01342220485320915,0.01969894137629815,117.14768,0.171,-0.142003655763958,-0.14200360314679084,-0.13572686662370184
114.08236300000863,0.101717272,3.75239406,0.01442816570570573,0.014428188876225987,0.012682634199068057,210.170785,0.171,-0.08728910629429426,-0.08728908312377401,-0.08903463780093195
115.09524700000475,0.401513671,3.74734914,0.4491197118768808,0.4491197280380521,0.44426763816311365,151.079253,0.171,0.047606040876880806,0.047606057038052096,0.04275396716311364
116.09813199999917,0.959327413,3.75033042,0.9338543867887972,0.9338543949237486,0.9302450700705371,176.007642,0.171,-0.025473026211202843,-0.025473018076251464,-0.02908234292946288
117.10096300000441,1.46558248,3.74998056,1.4110417327252522,1.41104174404644,1.4078244334952092,134.718884,0.171,-0.05454074727474767,-0.054540735953559905,-0.05775804650479066
118.09379500000796,1.7597783,3.74726817,1.8257137548408622,1.8257137627542301,1.823799334551199,101.002178,0.171,0.06593545484086216,0.06593546275423012,0.0640210345511989
119.08662699999695,1.95413939,3.73689741,1.9873230996014861,1.987323119422788,1.9516920474730366,101.548666,0.171,0.0331837096014862,0.03318372942278813,-0.0024473425269633253
120.10954600000696,1.97103984,2.53167144,1.9098750453692925,1.9098750635334338,1.9086516564440774,79.3809368,0.171,-0.06116479463070745,-0.06116477646656615,-0.06238818355592257
121.092353,1.37747808,2.53497553,1.1390211344171302,1.1390211507351464,1.1423395963255372,164.540629,0.171,-0.23845694558286978,-0.2384569292648535,-0.23513848367446277
122.0952180000022,0.474686471,3.74088059,0.33510399541720837,0.3351040096858199,0.3409404541655093,196.232544,0.171,-0.13958247558279163,-0.13958246131418012,-0.13374601683449072
123.08805900000152,0.321911596,3.74647583,0.028101293549951806,0.028101296541269673,0.027592282457318765,73.30695525,0.171,-0.29381030245004824,-0.29381029945873033,-0.29431931354268126
124.08089900000778,0.335618324,3.74560174,0.01171374013466075,0.011713778939798815,0.009797859097878446,170.717659,0.171,-0.32390458386533927,-0.3239045450602012,-0.3258204649021216
125.08376999999746,0.1479137,3.73537045,0.011816674428793956,0.011816631187195618,0.012587842525199362,183.064288,0.171,-0.13609702557120607,-0.1360970688128044,-0.13532585747480064
126.08664300000237,0.121909294,3.74277511,0.005319059677054676,0.005319097935310059,0.01040513752658893,187.891309,0.171,-0.11659023432294532,-0.11659019606468994,-0.11150415647341107
127.08951700000034,0.112606591,3.75299438,0.008371567080177087,0.008371571250516756,0.010822604025652263,180.432063,0.171,-0.10423502391982292,-0.10423501974948325,-0.10178398697434775
128.0823640000017,0.0290687727,3.72610035,0.0035983136740084395,0.0035982694705610314,0.007120115287053698,351.3731695,0.171,-0.02547045902599156,-0.025470503229438966,-0.0219486574129463
129.08523900000728,0.0,3.71587998,0.01124317857965557,0.011243219253610524,0.007552499623915563,281.881128,0.171,0.01124317857965557,0.011243219253610524,0.007552499623915563
130.08811300000525,0.151423882,3.72948704,0.019028995624284555,0.019029038992517337,0.00731359935405429,205.200825,0.171,-0.13239488637571545,-0.13239484300748267,-0.14411028264594572
131.08095800000592,0.221316509,3.74970748,0.00960143782415371,0.009601395334916055,0.005271060535161724,242.909759,0.171,-0.2117150711758463,-0.21171511366508394,-0.21604544846483828
132.08383099999628,0.235337655,3.74625245,0.013489174092506318,0.013489130586409671,0.006885395363808993,267.720772,0.171,-0.22184848090749368,-0.22184852441359035,-0.228452259636191
133.0867020000005,0.079815433,3.74763352,0.0042778172115517455,0.004277780644300387,0.006718688333586969,234.043298,0.171,-0.07553761578844825,-0.07553765235569962,-0.07309674466641304
134.07954200000677,0.0,3.75400039,0.008307195254385783,0.008307234090055087,0.011995181170732026,168.30685549999998,0.171,0.008307195254385783,0.008307234090055087,0.011995181170732026
135.0924340000056,0.0347048314,3.72937884,0.007502870774757658,0.007502909398994611,0.007019660392237936,221.3561735,0.171,-0.027201960625242338,-0.027201922001005387,-0.02768517100776206
136.0852670000022,0.0343678368,3.73011542,0.007453818560510489,0.007453852750186174,0.005072730880772136,376.902018,0.171,-0.026914018239489513,-0.02691398404981383,-0.029295105919227866
137.0881240000017,0.0270110538,3.7071205,0.018751755394269067,0.01875172135526474,0.007944449267760147,285.97485600000005,0.171,-0.008259298405730933,-0.00825933244473526,-0.019066604532239854
138.09097499999916,0.0300705888,3.73466441,0.013486554054328538,0.013486579662482893,0.011444944867829257,159.5640775,0.171,-0.01658403474567146,-0.016584009137517106,-0.01862564393217074
139.08379299999797,0.0426005033,3.72993192,0.04217912783747112,0.04217913466553379,0.07412778682955516,108.88771650000001,0.171,-0.00042137546252888486,-0.00042136863446621403,0.03152728352955516
140.08663700000034,0.0175835381,3.7509673,0.001932043830827222,0.0019320413336056214,0.01923156685819519,111.2410345,0.171,-0.01565149426917278,-0.01565149676639438,0.00164802875819519
141.09950700000627,0.155787201,3.75221033,0.120333702966213,0.1203336544533778,0.08344653415136938,37.140187,0.171,-0.03545349803378699,-0.03545354654662218,-0.07234066684863061
142.09233900000982,0.035795126,4.11743683,0.05292868959103474,0.05292866354866262,0.07929478548304131,13.116187799999999,0.171,0.017133563591034746,0.017133537548662627,0.04349965948304131
143.09515900000406,0.17206604,4.09189397,0.11997685830185173,0.11997684803795589,0.07909911165601186,16.213081199999998,0.171,-0.052089181698148274,-0.05208919196204412,-0.09296692834398815
144.08797000000777,0.756242521,4.07115113,0.05173808048744611,0.05173808099076812,0.13334377533498315,17.242412100000003,0.171,-0.7045044405125539,-0.7045044400092318,-0.6228987456650168
145.10084100000677,0.498894131,4.08208242,0.08680055959072841,0.08680059297727917,0.11212447193512709,33.42129285,0.171,-0.4120935714092716,-0.41209353802272086,-0.38676965906487293
146.08362900000066,0.22616987,4.09675158,0.04154071605722111,0.04154153599166433,0.01719475955329642,30.9505782,0.171,-0.1846291539427789,-0.18462833400833567,-0.20897511044670358
147.0864750000037,0.0596106607,4.07862422,0.01016681239256843,0.01016682406591257,0.019384780441520755,27.1560473,0.171,-0.049443848307431565,-0.049443836634087426,-0.040225880258479244
148.08932600000117,0.0652865761,4.09001811,0.007585483487868077,0.007585500112334991,0.020945619817770857,23.5237385,0.171,-0.05770109261213192,-0.057701075987665,-0.04434095628222914
149.09218000000692,0.0606805239,4.08019378,0.003696803961325712,0.0036967727187544553,0.013346072490091482,23.137144,0.171,-0.056983719938674286,-0.056983751181245546,-0.047334451409908516
150.0850070000015,0.0,4.05239879,0.006875114015463718,0.006875144660396372,0.014332318548089078,22.37365875,0.171,0.006875114015463718,0.006875144660396372,0.014332318548089078
151.087864000001,0.0535363185,4.09473649,0.008660325489712555,0.008660350114641717,0.013316588314941435,21.13264015,0.171,-0.04487599301028744,-0.04487596838535828,-0.04021973018505856
152.09072500000184,0.0,4.09737228,0.004652686592592227,0.004652652303681808,0.012688185613871318,21.1987472,0.171,0.004652686592592227,0.004652652303681808,0.012688185613871318
153.08355700000538,0.149291446,4.10296019,0.006108606043245822,0.006108633590101287,0.012977183560275345,22.9642711,0.171,-0.14318283995675418,-0.14318281240989872,-0.13631426243972464
154.0864200000069,0.091826043,4.08208237,0.062290963389520025,0.06229099910330718,0.02898920424993079,20.9727939,0.171,-0.02953507961047997,-0.029535043896692814,-0.06283683875006921
155.08928600000218,0.150350045,4.102527,0.04557581982818693,0.04557585441227097,0.04263752525597497,32.32434745,0.171,-0.10477422517181306,-0.10477419058772902,-0.10771251974402501
156.08212300000014,0.22167803,4.10163238,0.008297326723416801,0.008297292272566658,0.013330054878313458,38.498865800000004,0.171,-0.2133807032765832,-0.21338073772743335,-0.20834797512168654
157.08498700000928,0.565877338,4.04699296,0.0029300479990429914,0.0029300602135299593,0.010962957189305865,48.20436265,0.171,-0.562947290000957,-0.56294727778647,-0.5549143808106941
158.0878539999976,0.521995661,4.09090484,0.0049475019901471795,0.0049474804357679735,0.02338649652794765,46.55479445,0.171,-0.5170481590098529,-0.5170481805642321,-0.4986091644720524
159.0907220000081,0.164143229,4.09476869,0.04721700816025084,0.04721696426849167,0.03826399276393826,31.114832749999998,0.171,-0.11692622083974916,-0.11692626473150833,-0.12587923623606173
160.09358899999643,0.140925641,4.08630057,0.03757200529885052,0.03757197210899969,0.019276003976337452,45.7529832,0.171,-0.10335363570114947,-0.1033536688910003,-0.12164963702366254
161.0864300000103,0.124502975,4.09586657,0.028643493297550646,0.028643529015082117,0.016881385892833795,51.9624488,0.171,-0.09585948170244936,-0.09585944598491788,-0.10762158910716621
162.08930000000692,0.0,4.09549764,0.008771492203734717,0.008771525094645367,0.015790784140129382,59.4767684,0.171,0.008771492203734717,0.008771525094645367,0.015790784140129382
163.0821419999993,0.0381626603,4.08756719,0.005866380967495083,0.005866404180107593,0.014828503310096018,52.83036855,0.171,-0.03229627933250492,-0.032296256119892404,-0.02333415698990398
164.1150970000017,0.0725121956,4.08833367,0.025858394507040017,0.025858427690757645,0.01772747595111114,57.8306819,0.171,-0.04665380109295998,-0.04665376790924235,-0.054784719648888855
165.09790700000303,0.0848832081,4.08796877,0.014540029596834978,0.014539989637897306,0.019890843756464834,31.4703426,0.171,-0.07034317850316502,-0.07034321846210269,-0.06499236434353517
166.09074300000793,0.0775670556,4.07594301,0.021880972515567372,0.0218809424524785,0.012964208100613913,40.942468399999996,0.171,-0.05568608308443263,-0.055686113147521504,-0.06460284749938609
167.09360400000878,0.109177253,4.09146546,0.008601080985248295,0.008601104032689594,0.014093234006222151,52.006667050000004,0.171,-0.1005761720147517,-0.1005761489673104,-0.09508401899377786
168.08643799999845,0.103154402,4.09614992,0.027096229644972974,0.027096260832907903,0.015698907060594614,43.8012199,0.171,-0.07605817235502703,-0.0760581411670921,-0.0874554949394054
169.08929600000556,0.113590048,4.09772266,0.014451667635118383,0.014451687956352322,0.016526636208074444,70.06135945,0.171,-0.09913838036488162,-0.09913836004364768,-0.09706341179192556
170.08212500000081,0.150958272,4.10026774,0.017165232722441002,0.01716521376261465,0.021588052103556767,18.18204335,0.171,-0.133793039277559,-0.13379305823738535,-0.12937021989644323
171.08497900000657,0.0984248817,4.07591836,0.05812687287432868,0.058126854156003605,0.051422966450531835,9.26719889,0.171,-0.04029800882567131,-0.04029802754399639,-0.04700191524946816
172.08783000000403,0.094626514,4.09348331,0.021258922159951486,0.021258888027895505,0.01724716736693764,24.9558581,0.171,-0.07336759184004851,-0.07336762597210449,-0.07737934663306235
173.09067800000776,0.103471419,4.07357554,0.014993645644350542,0.014993674379592559,0.018749393243859852,15.45710605,0.171,-0.08847777335564945,-0.08847774462040743,-0.08472202575614014
174.09352399999625,0.0615148501,4.07251028,0.1446588985737623,0.14465892351433882,0.04497610723675813,6.71665006,0.171,0.0831440484737623,0.08314407341433883,-0.01653874286324187
175.08633800000825,0.0690002266,2.66568077,0.05241595573188025,0.0524159954378093,0.02284202128999831,15.55598225,0.171,-0.016584270868119755,-0.016584231162190703,-0.0461582053100017
176.08917800000927,0.0599879967,1.34528864,0.020320407620305864,0.020320435741039856,0.01710922884294216,17.858765,0.171,-0.03966758907969413,-0.03966756095896014,-0.04287876785705784
177.08198699999775,0.159284093,1.334292,0.021370689024424402,0.021370667078666323,0.015189264076253591,23.1439107,0.171,-0.13791340397557558,-0.13791342592133365,-0.1440948289237464
178.0747960000008,0.236454894,1.33637105,0.019343102851761454,0.019343110331478865,0.018896023370975838,17.13829125,0.171,-0.21711179114823853,-0.21711178366852113,-0.21755887062902415
179.087658000004,0.160794121,1.33615368,0.013583725280903009,0.013583722758808831,0.015432687089055961,20.956439250000003,0.171,-0.147210395719097,-0.14721039824119117,-0.14536143391094405
180.08046100000502,0.0473164347,1.33754756,0.005627125897768552,0.005627145974963769,0.014520324245918936,21.6968477,0.171,-0.04168930880223145,-0.04168928872503623,-0.03279611045408107
181.07326099999773,0.140888704,1.34471887,0.017825232428557772,0.017825217764538003,0.01607513318653527,19.787121,0.171,-0.12306347157144223,-0.123063486235462,-0.12481357081346472
182.08611600000586,0.389362191,4.07244087,0.01705341748899476,0.01705345044795797,0.017456652084886008,20.275117350000002,0.171,-0.3723087735110053,-0.37230874055204205,-0.371905538915114
183.07891300000483,0.464559204,4.05627243,0.014284638755679657,0.01428465782985322,0.025071403845412246,15.06188345,0.171,-0.45027456524432036,-0.4502745461701468,-0.43948780015458777
184.09176599999773,0.0893984417,4.09708277,0.02220965181283462,0.022209664864784772,0.02386224032500516,11.76141375,0.171,-0.06718878988716538,-0.06718877683521522,-0.06553620137499483
185.08456000000297,0.565680731,4.06728198,0.011732358833678042,0.011732364817336948,0.019130230809563192,16.9076193,0.171,-0.553948372166322,-0.5539483661826631,-0.5465505001904368
186.0873830000055,0.193589733,4.09191413,0.018394026574509486,0.018394054478408337,0.016141441236801904,22.1118733,0.171,-0.17519570642549054,-0.17519567852159168,-0.1774482917631981
187.09020600000804,0.228184311,4.09361032,0.024790090845596635,0.024790061828745442,0.012057639423147125,30.30348055,0.171,-0.20339422015440337,-0.20339424917125457,-0.21612667157685286
188.08300100000633,0.300287043,4.09695894,0.013614367310145772,0.013614378339452242,0.010093548416933284,34.371564250000006,0.171,-0.2866726756898542,-0.28667266466054775,-0.2901934945830667
189.08582400000887,0.140139312,4.09963549,0.012364363513649038,0.012364344391210877,0.009485375708004059,34.6070882,0.171,-0.12777494848635096,-0.12777496760878912,-0.13065393629199593
190.08864699999685,0.169143589,4.0283692,0.03972472024682013,0.039724711689300626,0.012010440389765314,23.18675435,0.171,-0.12941886875317987,-0.1294188773106994,-0.1571331486102347
191.0914860000048,0.0583911571,4.08726486,0.008625018114530765,0.00862499007863755,0.011912541939817176,31.7001254,0.171,-0.049766138985469235,-0.049766167021362454,-0.046478615160182826
192.08426000000327,0.0210635044,4.0990126,0.030878218975408912,0.030878248398166174,0.015600512393722033,29.0642159,0.171,0.009814714575408914,0.009814743998166175,-0.005462992006277966
193.0770510000002,0.107020769,4.09304496,0.01811601382832924,0.018116015189819677,0.024473704886164536,30.023350100000002,0.171,-0.08890475517167076,-0.08890475381018033,-0.08254706411383547
194.08989499999734,0.232881256,4.09484978,0.012769045544105758,0.012769021777425381,0.027463706543583405,23.346999099999998,0.171,-0.22011221045589424,-0.22011223422257462,-0.2054175494564166
195.08268200000748,0.143600079,4.08005434,0.006681541869693546,0.006681564912765301,0.010888014938500359,32.671321500000005,0.171,-0.13691853713030644,-0.13691851408723468,-0.13271206406149963
196.0854970000073,0.111148298,4.09107036,0.0054955581414422895,0.005495555805678942,0.015912378517422013,24.4229987,0.171,-0.10565273985855772,-0.10565274219432107,-0.095235919482578
197.08831099999952,0.0907193187,4.06884846,0.06760224075474978,0.06760227524869918,0.032559331274355285,12.2348319,0.171,-0.02311707794525021,-0.02311704345130082,-0.05815998742564471
198.08109600000898,0.232826743,4.09281152,0.03268810312341557,0.03268815406145821,0.023337163142483998,18.208371399999997,0.171,-0.20013863987658442,-0.2001385889385418,-0.209489579857516
199.08390599999984,0.132628198,4.07871944,0.033525781888634094,0.033525801728557965,0.023321812719774404,19.161504049999998,0.171,-0.09910241611136592,-0.09910239627144204,-0.1093063852802256
200.08671600000525,0.101197608,4.10106757,0.049877170059123406,0.049877191603677595,0.06088923549531504,27.2532131,0.171,-0.05132043794087659,-0.0513204163963224,-0.040308372504684956
201.0895259999961,0.175670123,4.08914216,0.019550596753387682,0.01955057263452384,0.01492902268136059,32.595896249999996,0.171,-0.15611952624661232,-0.15611955036547617,-0.16074110031863942
202.08230700000422,0.203310552,4.08874991,0.038995870981362146,0.03899589542856821,0.017113933194745155,21.6026031,0.171,-0.16431468101863786,-0.1643146565714318,-0.18619661880525484
203.08511500000895,0.430418892,4.07788347,0.3734901135984416,0.3734905333799267,0.03986717454462311,8.353928934999999,0.171,-0.05692877840155841,-0.05692835862007328,-0.39055171745537687
204.08792200000607,0.0701092873,4.07127674,0.007874809660682044,0.00787477533828152,0.020070052225927674,16.297257700000003,0.171,-0.062234477639317956,-0.06223451196171848,-0.05003923507407233
205.0807000000059,0.0,3.97694699,0.0040434238036062475,0.004043405461639312,0.01626744792043592,18.8277391,0.171,0.0040434238036062475,0.004043405461639312,0.01626744792043592
206.08350600000995,0.0,4.08061375,0.03124153943598618,0.031241553168677806,0.030764589323488092,11.4485986,0.171,0.03124153943598618,0.031241553168677806,0.030764589323488092
207.08631199999945,0.165442477,4.08039624,0.0075383740536441,0.00753835556343304,0.027716715389283813,20.11889,0.171,-0.1579041029463559,-0.15790412143656696,-0.1377257616107162
208.78105099999812,0.0977078241,4.06580336,0.002310166109583044,0.0023101666400234884,0.008090686407872064,110.0809195,0.171,-0.09539765799041695,-0.0953976574599765,-0.08961713769212792
217.0942730000097,0.0,4.03449329,0.00464224097899225,0.004642257366898076,0.011464478635358703,81.49919985,0.171,0.00464224097899225,0.004642257366898076,0.011464478635358703
218.07701200000884,0.0,4.03856316,0.005873478633899524,0.005873467817979182,0.016381928249560366,74.3598434,0.171,0.005873478633899524,0.005873467817979182,0.016381928249560366
219.09986000000208,0.315308118,4.04485802,0.05159501754804614,0.05159497525464223,0.030858539326904428,9.66190318,0.171,-0.2637131004519539,-0.2637131427453578,-0.2844495786730956
220.1026520000014,0.10488617,4.06152976,0.07301314147203758,0.0730130274619698,0.06515550304848788,6.66992344,0.171,-0.03187302852796242,-0.0318731425380302,-0.03973066695151212
221.08538699999917,0.209533373,4.09709118,0.07898002142292662,0.07898004334965883,0.035654596501878646,39.6785621,0.171,-0.13055335157707337,-0.13055332965034117,-0.17387877649812133
222.07815200000186,0.16405481,4.10420804,0.08819491799590794,0.08819493953884884,0.028326087139816224,43.57790385,0.171,-0.07585989200409206,-0.07585987046115115,-0.13572872286018378
224.8859769999981,0.198941915,4.09485178,0.006749288422766378,0.006749271769285324,0.008711732781891206,141.409088,0.171,-0.19219262657723363,-0.19219264323071467,-0.19023018221810878
225.08653600000252,0.0,1.2348292,0.0156361585996825,0.015636142738792724,0.009968025689316488,108.027369,0.171,0.0156361585996825,0.015636142738792724,0.009968025689316488
226.07930700000725,0.0035018108,1.1654087,0.022861008135820957,0.02286099171814043,0.020303656324937615,33.554383349999995,0.171,0.019359197335820956,0.01935918091814043,0.016801845524937613
227.08210600000166,0.074181085,1.32714267,0.01751451875493485,0.017514535781062407,0.02712979388675492,38.596638850000005,0.171,-0.05666656624506514,-0.05666654921893759,-0.047051291113245075
229.44870900000387,0.0382772358,3.92944638,0.013286104256077028,0.013286115477606735,0.007882807326132753,84.88349805,0.171,-0.02499113154392297,-0.024991120322393263,-0.030394428473867245
230.09049800000503,0.0578766391,4.05146918,0.010143214203176114,0.01014319795931214,0.008854575319695648,53.9080685,0.171,-0.04773342489682389,-0.047733441140687866,-0.049022063780304354
231.08326600000146,0.0919087742,4.0898522,0.00541361427777464,0.005413602953421954,0.008042433870090092,58.2087526,0.171,-0.08649515992222537,-0.08649517124657805,-0.08386634032990992
232.52729399999953,0.0888393815,4.10327929,0.005358152714660179,0.00535815552593318,0.005785981494602396,82.73133899999999,0.171,-0.08348122878533981,-0.08348122597406682,-0.0830534000053976
233.08886000000348,0.0,4.09640624,0.00556034407560708,0.005560333449993929,0.005882944976896162,78.44831575,0.171,0.00556034407560708,0.005560333449993929,0.005882944976896162
234.09165800000483,0.101605712,4.07012556,0.024914980274900134,0.024914997430010234,0.024166049901948185,22.5924062,0.171,-0.07669073172509987,-0.07669071456998977,-0.07743966209805181
235.08442900000955,0.0627435353,4.0482648,0.01028457032610241,0.010284585225561861,0.01034554397705419,53.2023183,0.171,-0.05245896497389759,-0.05245895007443814,-0.052397991322945814
236.08722899999702,0.0854861385,4.09098073,0.002204513406822579,0.0022045142896456034,0.00805981768601867,48.7433045,0.171,-0.08328162509317742,-0.0832816242103544,-0.07742632081398133
237.07999800000107,0.105154619,4.08736082,0.006495618115388902,0.006495631056717605,0.012294179768301421,42.596968000000004,0.171,-0.0986590008846111,-0.0986589879432824,-0.09286043923169858
238.0827980000031,0.0722194678,4.09006307,0.028324427999425122,0.028324410211955153,0.012489341973138224,41.1184837,0.171,-0.04389503980057488,-0.04389505758804485,-0.05973012582686178
239.0855969999975,0.105298185,4.09280176,0.019910187198616692,0.0199102011274943,0.014070718336936742,32.4154542,0.171,-0.08538799780138331,-0.08538798387250571,-0.09122746666306326
240.0783700000029,0.0806765546,4.0917297,0.00882440997766322,0.008824400220485118,0.013453869130682201,58.2038914,0.171,-0.07185214462233679,-0.0718521543795149,-0.06722268546931781
241.0811720000056,0.0747618089,4.09012053,0.00999950168767512,0.009999487208775429,0.009657184582531647,84.12270315,0.171,-0.06476230721232488,-0.06476232169122458,-0.06510462431746836
242.0839730000007,0.0,4.05302873,0.009549698641113144,0.009549690459541682,0.008881885665718566,126.75929500000001,0.171,0.009549698641113144,0.009549690459541682,0.008881885665718566
243.08677400001034,0.00760794237,4.02158166,0.008167842266110606,0.008167845994472086,0.012068205898173843,61.1793684,0.171,0.0005598998961106058,0.0005599036244720865,0.004460263528173843
244.0795480000088,0.0434929327,4.08381607,0.03511261959818859,0.0351126066823139,0.011131814005591007,53.36788155,0.171,-0.008380313101811414,-0.008380326017686103,-0.032361118694409
245.08234799999627,0.0746390898,4.08872978,0.006677821581823888,0.006677808373182123,0.008929567931892892,136.189351,0.171,-0.06796126821817611,-0.06796128142681788,-0.0657095218681071
246.08514700000524,0.0,4.0523592,0.0023745421549128446,0.00237454413094741,0.006232066654753367,102.908607,0.171,0.0023745421549128446,0.00237454413094741,0.006232066654753367
247.08794599999965,0.0,4.04267159,0.0038129985002939015,0.003812998166402677,0.0036287609570071593,143.7625245,0.171,0.0038129985002939015,0.003812998166402677,0.0036287609570071593
248.08071799999743,0.0,4.04990328,0.01506140911463739,0.015061396363529508,0.007398303838456935,157.371598,0.171,0.01506140911463739,0.015061396363529508,0.007398303838456935
249.0835139999981,0.0,3.97470655,0.004544898069937602,0.0045448888841317335,0.0086746119716051,146.868979,0.171,0.004544898069937602,0.0045448888841317335,0.0086746119716051
250.08630999999878,0.0,3.58171766,0.006882214373848311,0.006882226983502083,0.0069019912318320845,130.907555,0.171,0.006882214373848311,0.006882226983502083,0.0069019912318320845
251.0891030000057,0.0172456892,3.75188366,0.007715289816718287,0.007715293614310822,0.013636247974107115,68.6463855,0.171,-0.009530399383281714,-0.009530395585689178,-0.0036094412258928857
252.09200899999996,0.0396665896,3.74735179,0.014049604786887465,0.014049594906560452,0.010262070415315603,86.12904955,0.171,-0.025616984813112538,-0.025616994693439553,-0.0294045191846844
253.0846509999974,0.032197643,3.75530509,0.03744316629759821,0.03744318068424418,0.02251436135910781,60.9884629,0.171,0.005245523297598212,0.005245537684244184,-0.009683281640892188
254.08743600000162,0.200371086,3.7356771,0.1337260002471859,0.1337259996014957,0.14406466307071716,39.9943594,0.171,-0.06664508575281411,-0.0666450863985043,-0.05630642292928284
255.10024900001008,0.736136831,3.72269643,0.6389643248079632,0.6389643321128671,0.578173981811639,45.2054859,0.171,-0.09717250619203688,-0.09717249888713297,-0.157962849188361
256.0829780000058,0.642118385,3.73442953,0.5546977932714444,0.5546977996595804,0.5629185745525311,54.13323045,0.171,-0.08742059172855554,-0.08742058534041952,-0.07919981044746882
257.0957950000011,0.758538097,3.76936962,0.6749484006862483,0.6749484053977667,0.6777404418940337,46.4964388,0.171,-0.08358969631375168,-0.08358969160223328,-0.08079765510596626
258.08856099999684,0.686457826,3.71048717,0.5514778888776941,0.5514778922358355,0.5536976762052521,71.6809683,0.171,-0.13497993712230594,-0.1349799337641645,-0.13276014979474793
259.09135600000445,0.111640662,3.75421878,0.02344814040921553,0.0234481427017475,0.07413456148002413,80.95508215000001,0.171,-0.08819252159078447,-0.0881925192982525,-0.03750610051997587
260.0841300000029,0.0437550496,3.73365032,0.011349489225250914,0.011349489711725436,0.013603201986036555,132.058424,0.171,-0.032405560374749086,-0.032405559888274565,-0.030151847613963445
261.0869320000056,0.0261085136,3.73722824,0.024925872456652492,0.0249258620009779,0.020035331326532832,94.9634565,0.171,-0.0011826411433475091,-0.0011826515990221026,-0.006073182273467169
262.0797120000061,0.415938095,3.74961031,0.4096503629803962,0.40965036672231375,0.4015177211694486,65.27991385,0.171,-0.006287732019603809,-0.006287728277686255,-0.014420373830551392
263.10257499999716,2.5521871,2.79035475,2.5517976846518295,2.5517976887794918,2.4555260810998165,23.0724132,0.171,-0.00038941534817027446,-0.00038941122050806243,-0.0966610189001833
264.09535699999833,5.14045242,2.23372798,4.334490265933621,4.334490269062113,4.413064345439333,13.45962775,0.171,-0.8059621540663793,-0.8059621509378871,-0.7273880745606673
265.0981679999968,6.87686677,2.06611142,5.760975332646234,5.760975342157345,5.742378271778529,11.79038745,0.171,-1.115891437353766,-1.115891427842655,-1.1344884982214714
266.08092300000135,8.59394553,1.95773961,7.40640551146365,7.4064055128365895,7.3760594586386,11.3333345,0.171,-1.1875400185363496,-1.1875400171634096,-1.2178860713613995
267.103792000009,9.92622006,1.86778483,8.235147438439784,8.235147442575528,8.211886998979935,11.626352950000001,0.171,-1.6910726215602168,-1.6910726174244726,-1.7143330610200653
268.0965759999963,10.5889477,1.82927153,8.880212052752658,8.880212054350462,8.809645598704066,9.441211580000001,0.171,-1.7087356472473427,-1.7087356456495382,-1.7793021012959347
269.09938800000236,11.6015012,1.7987123,9.536945027930276,9.536945023533757,9.443768355109327,9.839645059999999,0.171,-2.0645561720697234,-2.064556176466242,-2.1577328448906723
270.10219900000084,12.1046505,1.77210321,9.777315494518447,9.777315491665338,9.828725661069749,11.02919425,0.171,-2.3273350054815527,-2.3273350083346624,-2.2759248389302513
271.0949820000096,12.4117446,1.76080734,10.395210114774658,10.395210110733926,10.16558751711873,10.665639850000002,0.171,-2.0165344852253426,-2.016534489266075,-2.24615708288127
272.0977910000074,13.0238073,1.72263899,10.428683113194877,10.420319949851946,0.024456548627617116,9.39295166,0.171,-2.5951241868051227,-2.603487350148054,-12.999350751372383
273.08054399999673,13.1102294,1.74090786,0.0089424722703683,0.008940912825221694,0.022971133135410896,15.2925938,0.171,-13.101286927729632,-13.101288487174777,-13.08725826686459
274.08335200000147,12.6870589,1.74241235,0.02632900933828602,0.026329934750368985,0.02283941994804162,16.14543425,0.171,-12.660729890661715,-12.660728965249632,-12.664219480051958
275.0861600000062,11.212095,1.77021893,0.03881352213146976,0.03881466586497877,0.016667934392990733,18.5017515,0.171,-11.17328147786853,-11.17328033413502,-11.195427065607008
276.08896500000264,9.80385253,1.85409612,0.03895385681106236,0.03895468741834391,0.01635185460676797,18.2812658,0.171,-9.764898673188938,-9.764897842581657,-9.787500675393233
277.0817410000018,8.66666746,1.90660491,0.047095198229025484,0.04709634611232744,0.015865691251280147,18.199207350000002,0.171,-8.619572261770974,-8.619571113887671,-8.65080176874872
278.0845430000045,7.02367509,2.01928537,0.03453838794540585,0.034540130043107846,0.015875297884520655,14.0725522,0.171,-6.989136702054594,-6.989134959956893,-7.007799792115479
279.0773160000099,5.76807564,2.12265533,0.03561330609299852,0.035614146303971625,0.01265895407608822,14.639122650000001,0.171,-5.7324623339070016,-5.732461493696029,-5.755416685923912
280.0901420000009,5.16090215,2.18317884,0.06189678573708024,0.06189718894381089,0.01371110136359417,15.50476705,0.171,-5.09900536426292,-5.099004961056189,-5.147191048636406
281.0829090000043,4.83502775,2.2061426,0.051273497210457,0.051274054807873976,0.01238564659852301,18.906050399999998,0.171,-4.783754252789543,-4.783753695192126,-4.822642103401477
282.0857010000036,4.22081079,2.27249364,0.05782658909624565,0.057827297110487084,0.015812756350863873,14.0964759,0.171,-4.162984200903754,-4.162983492889513,-4.204998033649136
283.0985190000065,4.88476428,2.63602497,1.1428131052916262,1.1427761087181312,0.06882669717377629,5.98184206,0.171,-3.7419511747083734,-3.741988171281869,-4.815937582826224
284.1013079999975,4.67519643,2.67690747,0.17262714821723224,0.17260658013748842,0.12321947045513991,7.97449684,0.171,-4.502569281782767,-4.502589849862511,-4.55197695954486
285.0940669999982,4.55604965,2.68849712,0.09524759426919557,0.09523556078901321,0.13918372334078374,8.55681435,0.171,-4.460802055730805,-4.460814089210987,-4.4168659266592165
286.0868250000058,5.27372977,1.02785677,0.03155092954381157,0.03156241612776916,0.08264038731172937,9.7723663,0.171,-5.242178840456188,-5.242167353872231,-5.191089382688271
287.08961100000306,5.82742263,0.899092596,0.24662264063363562,0.24662901410778493,0.10420209952336223,13.94937105,0.171,-5.580799989366365,-5.580793615892215,-5.723220530476638
288.08236700001,6.1521261,0.897655595,0.13869621851162794,0.13866562280273173,0.053557858120021985,12.1058163,0.171,-6.013429881488372,-6.013460477197269,-6.0985682418799785
289.085149999999,6.49759831,0.896474702,0.08522096944482901,0.08522842992141043,0.06503225316444738,10.43174195,0.171,-6.412377340555171,-6.4123698800785895,-6.432566056835553
290.0779040000052,6.58851896,0.896255176,0.08341314108545769,0.08341187680705872,0.048792042082651026,30.121664799999998,0.171,-6.505105818914543,-6.505107083192941,-6.539726917917349
291.0907109999971,6.44407464,0.895128177,0.05582084458566926,0.055814317264531794,0.0725576982217428,11.872376,0.171,-6.388253795414331,-6.388260322735468,-6.371516941778258
292.0834620000096,6.37291729,0.895507705,0.17461679362060456,0.17462119455029698,0.05302329755554152,23.9255024,0.171,-6.198300496379396,-6.198296095449703,-6.319893992444459
293.0862400000042,6.38873323,0.895760133,0.04951784265813401,0.04951018337328748,0.034629831880420826,20.2497895,0.171,-6.3392153873418655,-6.339223046626712,-6.3541033981195785
294.0890159999981,6.37665854,0.896620474,0.06986947689370615,0.06986237918995468,0.07939742972110352,12.317779699999999,0.171,-6.306789063106294,-6.306796160810046,-6.297261110278897
295.08176100000856,6.49360697,0.895781148,0.01592924628373361,0.015929668766607823,0.06049602215970216,16.43423815,0.171,-6.477677723716266,-6.477677301233392,-6.433110947840298
296.0945619999984,6.42621451,0.896130374,0.13897521342271033,0.1389573089473052,0.04331014396022537,10.077283900000001,0.171,-6.28723929657729,-6.287257201052695,-6.382904366039775
297.0973340000055,6.33092988,0.896716306,0.041887354780380165,0.041893645321606165,0.05032499533832703,18.827688350000003,0.171,-6.28904252521962,-6.289036234678394,-6.280604884661673
298.0800489999965,5.24667466,2.69010536,0.021623580902314816,0.02163062486660337,0.028243581080001197,16.8450997,0.171,-5.225051079097685,-5.225044035133397,-5.218431078919999
299.09284599999955,6.55140985,2.71365789,0.023034081121200152,0.02303484463313048,0.043789168834872806,17.71652405,0.171,-6.528375768878799,-6.528375005366869,-6.507620681165127
300.0855870000087,6.26926568,2.71619738,0.05760364655643356,0.05760507228777663,0.06838917818122503,17.76240385,0.171,-6.211662033443567,-6.211660607712224,-6.200876501818775
301.0883540000068,5.75469699,2.71138424,0.13027936340852952,0.13028459904689588,0.0879599127695489,31.45850635,0.171,-5.6244176265914705,-5.624412390953104,-5.666737077230452
302.0810930000007,5.16325765,2.71240207,0.08536292883968744,0.08536783634394088,0.046681989484660846,39.997598249999996,0.171,-5.0778947211603125,-5.07788981365606,-5.116575660515339
303.08385900000576,4.32306233,2.71232511,0.010382777628025051,0.010383491352801722,0.026229150192730203,23.0209491,0.171,-4.312679552371975,-4.312678838647198,-4.29683317980727
304.0866249999963,3.8563671,2.7165248,0.13115883604393996,0.13115086665144168,0.04798022246485543,19.33783515,0.171,-3.72520826395606,-3.7252162333485583,-3.8083868775351446
305.08939100000134,2.96550959,2.71279905,0.15274872796063438,0.15272280273821495,0.05463225509998648,9.54157724,0.171,-2.8127608620393656,-2.812786787261785,-2.9108773349000137
306.09215500000573,1.96053069,2.71031763,0.024754019291474763,0.024747250559371346,0.029102910465066058,13.6064781,0.171,-1.935776670708525,-1.9357834394406286,-1.931427779534934
307.08488999999827,1.3725288,2.7072626,0.047430937009026904,0.047424720800008875,0.03785701959337108,9.820367625,0.171,-1.325097862990973,-1.325104079199991,-1.3346717804066288
308.0976820000069,0.143026073,4.06580728,1.191059502369841,1.1909962876817735,0.045010054381024296,4.7799555300000005,0.171,1.048033429369841,1.0479702146817735,-0.09801601861897571
309.0803900000028,0.0955485031,4.09461736,0.019926253028759295,0.019924963160713797,0.02300833231385934,14.50533355,0.171,-0.07562225007124071,-0.07562353993928621,-0.07254017078614067
310.0831529999996,0.623075062,4.07323098,0.03235379299778477,0.0323620279838311,0.024842251485136246,12.42095705,0.171,-0.5907212690022152,-0.5907130340161688,-0.5982328105148638
311.08591599999636,0.943536439,4.00603937,0.02028545118683477,0.020289814973274267,0.021794906041820914,8.74472947,0.171,-0.9232509878131652,-0.9232466240267256,-0.9217415329581791
312.0786500000104,1.06933328,1.08761133,0.45344739424777825,0.4532185096819869,0.03373669859224146,6.5186444649999995,0.171,-0.6158858857522217,-0.616114770318013,-1.0355965814077586
313.1014670000004,0.137367193,1.22702987,0.04377996612325887,0.04378559014663746,0.02371686441541102,12.23891025,0.171,-0.09358722687674112,-0.09358160285336253,-0.11365032858458898
314.08417400000326,0.0948060042,1.3374969,0.060161153761961766,0.060155072700723594,0.02874676155015382,6.52354645,0.171,-0.034644850438038235,-0.03465093149927641,-0.06605924264984618
315.086936000007,0.166285098,1.33369831,0.03208116398572446,0.032081004141510924,0.04096572953193896,8.553017480000001,0.171,-0.13420393401427552,-0.13420409385848908,-0.12531936846806102
316.08969799999613,0.0501380696,1.33620959,0.0931424897889158,0.0931359522960452,0.08638944002934643,9.49358112,0.171,0.0430044201889158,0.042997882696045195,0.036251370429346425
317.09245999999985,0.260132348,1.33595936,0.029500824963413864,0.02949775963752198,0.029956114298573613,21.36202875,0.171,-0.23063152303658616,-0.23063458836247802,-0.2301762337014264
318.08519500000693,0.438712111,1.33287004,0.0677938912985217,0.0677899923956819,0.08253188256954294,15.9030287,0.171,-0.3709182197014783,-0.3709221186043181,-0.35618022843045705
319.0979840000073,0.0845776055,1.33735319,0.06344126275470865,0.06344205707266362,0.07492724525118934,16.20015845,0.171,-0.021136342745291345,-0.02113554842733638,-0.009650360248810663
320.0907200000074,0.226236478,1.33637522,0.7392675083049565,0.7392442868729087,0.06081365474028913,5.887717965,0.171,0.5130310303049564,0.5130078088729086,-0.16542282325971086
321.0834529999993,0.118874986,1.34201756,0.041458514159397886,0.04145209605013938,0.0737024415646866,14.62778235,0.171,-0.07741647184060212,-0.07742288994986063,-0.045172544435313405
322.0963000000047,0.105947917,1.33753111,0.07416765817695475,0.07416897395845992,0.07073479698761378,10.85579015,0.171,-0.03178025882304525,-0.03177894304154008,-0.03521312001238622
